ancestry,shared_snps,synergistic,antagonistic,phecode_a,label_a,phecode_b,label_b,range_a,range_b
EUR,17175,17174,1,172,Skin cancer,173,Neoplasm of uncertain behavior of skin,172-173.99,172-173.99
EUR,16485,16478,7,172.2,Other non-epithelial cancer of skin,173,Neoplasm of uncertain behavior of skin,172-173.99,172-173.99
META,16325,16320,5,172,Skin cancer,173,Neoplasm of uncertain behavior of skin,172-173.99,172-173.99
META,15946,15938,8,172.2,Other non-epithelial cancer of skin,173,Neoplasm of uncertain behavior of skin,172-173.99,172-173.99
EUR,15052,15050,2,172.1,"Melanomas of skin, dx or hx",173,Neoplasm of uncertain behavior of skin,172-173.99,172-173.99
META,14708,14707,1,172.1,"Melanomas of skin, dx or hx",173,Neoplasm of uncertain behavior of skin,172-173.99,172-173.99
EUR,14035,14031,4,172.21,Basal cell carcinoma,173,Neoplasm of uncertain behavior of skin,172-173.99,172-173.99
META,13745,13741,4,172.21,Basal cell carcinoma,173,Neoplasm of uncertain behavior of skin,172-173.99,172-173.99
EUR,9728,5506,4222,696.41,Psoriasis vulgaris,715.2,Ankylosing spondylitis,"690-697.99, 714-714.99","714-716.00, 696-696.99"
EUR,9704,5658,4046,696,Psoriasis and related disorders,715.2,Ankylosing spondylitis,"690-697.99, 714-714.99","714-716.00, 696-696.99"
EUR,9680,5658,4022,696.4,Psoriasis,715.2,Ankylosing spondylitis,"690-697.99, 714-714.99","714-716.00, 696-696.99"
META,9576,5615,3961,696,Psoriasis and related disorders,715.2,Ankylosing spondylitis,"690-697.99, 714-714.99","714-716.00, 696-696.99"
EUR,9569,7031,2538,696,Psoriasis and related disorders,714.1,Rheumatoid arthritis,"690-697.99, 714-714.99","714-716.00, 696-696.99"
META,9563,5617,3946,696.4,Psoriasis,715.2,Ankylosing spondylitis,"690-697.99, 714-714.99","714-716.00, 696-696.99"
META,9524,5436,4088,696.41,Psoriasis vulgaris,715.2,Ankylosing spondylitis,"690-697.99, 714-714.99","714-716.00, 696-696.99"
EUR,9520,6981,2539,696.4,Psoriasis,714.1,Rheumatoid arthritis,"690-697.99, 714-714.99","714-716.00, 696-696.99"
EUR,9472,6852,2620,696.41,Psoriasis vulgaris,714.1,Rheumatoid arthritis,"690-697.99, 714-714.99","714-716.00, 696-696.99"
META,9318,6982,2336,696,Psoriasis and related disorders,714.1,Rheumatoid arthritis,"690-697.99, 714-714.99","714-716.00, 696-696.99"
META,9270,6928,2342,696.4,Psoriasis,714.1,Rheumatoid arthritis,"690-697.99, 714-714.99","714-716.00, 696-696.99"
META,9206,6790,2416,696.41,Psoriasis vulgaris,714.1,Rheumatoid arthritis,"690-697.99, 714-714.99","714-716.00, 696-696.99"
EUR,9069,6867,2202,714.1,Rheumatoid arthritis,715.2,Ankylosing spondylitis,"714-716.00, 696-696.99","714-716.00, 696-696.99"
META,8814,6729,2085,714.1,Rheumatoid arthritis,715.2,Ankylosing spondylitis,"714-716.00, 696-696.99","714-716.00, 696-696.99"
EUR,8785,8777,8,796,Elevated prostate specific antigen [PSA],185,Cancer of prostate,"185-187.99, 796-796.99, 600-602.99","185-187.99, 796-796.99, 600-602.99"
EUR,8493,6656,1837,696,Psoriasis and related disorders,714,Rheumatoid arthritis and other inflammatory polyarthropathies,"690-697.99, 714-714.99","714-716.00, 696-696.99"
EUR,8451,6612,1839,696.4,Psoriasis,714,Rheumatoid arthritis and other inflammatory polyarthropathies,"690-697.99, 714-714.99","714-716.00, 696-696.99"
EUR,8396,6479,1917,696.41,Psoriasis vulgaris,714,Rheumatoid arthritis and other inflammatory polyarthropathies,"690-697.99, 714-714.99","714-716.00, 696-696.99"
EUR,8374,6793,1581,714,Rheumatoid arthritis and other inflammatory polyarthropathies,715.2,Ankylosing spondylitis,"714-716.00, 696-696.99","714-716.00, 696-696.99"
META,8223,6526,1697,696,Psoriasis and related disorders,714,Rheumatoid arthritis and other inflammatory polyarthropathies,"690-697.99, 714-714.99","714-716.00, 696-696.99"
META,8182,6479,1703,696.4,Psoriasis,714,Rheumatoid arthritis and other inflammatory polyarthropathies,"690-697.99, 714-714.99","714-716.00, 696-696.99"
META,8111,6335,1776,696.41,Psoriasis vulgaris,714,Rheumatoid arthritis and other inflammatory polyarthropathies,"690-697.99, 714-714.99","714-716.00, 696-696.99"
META,8056,6540,1516,714,Rheumatoid arthritis and other inflammatory polyarthropathies,715.2,Ankylosing spondylitis,"714-716.00, 696-696.99","714-716.00, 696-696.99"
META,8055,8051,4,796,Elevated prostate specific antigen [PSA],185,Cancer of prostate,"185-187.99, 796-796.99, 600-602.99","185-187.99, 796-796.99, 600-602.99"
EUR,7795,7786,9,172.22,Squamous cell carcinoma,173,Neoplasm of uncertain behavior of skin,172-173.99,172-173.99
META,7630,7620,10,172.22,Squamous cell carcinoma,173,Neoplasm of uncertain behavior of skin,172-173.99,172-173.99
EUR,6641,4823,1818,696.42,Psoriatic arthropathy,715.2,Ankylosing spondylitis,"690-697.99, 714-714.99","714-716.00, 696-696.99"
META,6616,4821,1795,696.42,Psoriatic arthropathy,715.2,Ankylosing spondylitis,"690-697.99, 714-714.99","714-716.00, 696-696.99"
EUR,6062,5771,291,690,Erythematosquamous dermatosis,696.41,Psoriasis vulgaris,690-697.99,"690-697.99, 714-714.99"
EUR,6041,5815,226,690,Erythematosquamous dermatosis,696.4,Psoriasis,690-697.99,"690-697.99, 714-714.99"
EUR,6017,5777,240,690,Erythematosquamous dermatosis,696,Psoriasis and related disorders,690-697.99,"690-697.99, 714-714.99"
EUR,5940,4763,1177,714.1,Rheumatoid arthritis,715,Other inflammatory spondylopathies,"714-716.00, 696-696.99","714-716.00, 696-696.99"
EUR,5938,4578,1360,696.42,Psoriatic arthropathy,714.1,Rheumatoid arthritis,"690-697.99, 714-714.99","714-716.00, 696-696.99"
EUR,5888,5593,295,690.1,Seborrheic dermatitis,696.41,Psoriasis vulgaris,690-697.99,"690-697.99, 714-714.99"
EUR,5879,5649,230,690.1,Seborrheic dermatitis,696.4,Psoriasis,690-697.99,"690-697.99, 714-714.99"
EUR,5848,5604,244,690.1,Seborrheic dermatitis,696,Psoriasis and related disorders,690-697.99,"690-697.99, 714-714.99"
EUR,5778,4856,922,714,Rheumatoid arthritis and other inflammatory polyarthropathies,715,Other inflammatory spondylopathies,"714-716.00, 696-696.99","714-716.00, 696-696.99"
META,5750,4476,1274,696.42,Psoriatic arthropathy,714.1,Rheumatoid arthritis,"690-697.99, 714-714.99","714-716.00, 696-696.99"
META,5576,4572,1004,714.1,Rheumatoid arthritis,715,Other inflammatory spondylopathies,"714-716.00, 696-696.99","714-716.00, 696-696.99"
EUR,5480,4453,1027,696.42,Psoriatic arthropathy,714,Rheumatoid arthritis and other inflammatory polyarthropathies,"690-697.99, 714-714.99","714-716.00, 696-696.99"
EUR,5419,3206,2213,696.41,Psoriasis vulgaris,715,Other inflammatory spondylopathies,"690-697.99, 714-714.99","714-716.00, 696-696.99"
EUR,5396,3346,2050,696,Psoriasis and related disorders,715,Other inflammatory spondylopathies,"690-697.99, 714-714.99","714-716.00, 696-696.99"
EUR,5392,3340,2052,696.4,Psoriasis,715,Other inflammatory spondylopathies,"690-697.99, 714-714.99","714-716.00, 696-696.99"
META,5378,4599,779,714,Rheumatoid arthritis and other inflammatory polyarthropathies,715,Other inflammatory spondylopathies,"714-716.00, 696-696.99","714-716.00, 696-696.99"
META,5304,4341,963,696.42,Psoriatic arthropathy,714,Rheumatoid arthritis and other inflammatory polyarthropathies,"690-697.99, 714-714.99","714-716.00, 696-696.99"
META,5256,3306,1950,696.4,Psoriasis,715,Other inflammatory spondylopathies,"690-697.99, 714-714.99","714-716.00, 696-696.99"
META,5252,3310,1942,696,Psoriasis and related disorders,715,Other inflammatory spondylopathies,"690-697.99, 714-714.99","714-716.00, 696-696.99"
META,5213,3166,2047,696.41,Psoriasis vulgaris,715,Other inflammatory spondylopathies,"690-697.99, 714-714.99","714-716.00, 696-696.99"
META,5026,4806,220,690,Erythematosquamous dermatosis,696.4,Psoriasis,690-697.99,"690-697.99, 714-714.99"
META,5017,4734,283,690,Erythematosquamous dermatosis,696.41,Psoriasis vulgaris,690-697.99,"690-697.99, 714-714.99"
META,4998,4764,234,690,Erythematosquamous dermatosis,696,Psoriasis and related disorders,690-697.99,"690-697.99, 714-714.99"
META,4737,4514,223,690.1,Seborrheic dermatitis,696.4,Psoriasis,690-697.99,"690-697.99, 714-714.99"
META,4724,4439,285,690.1,Seborrheic dermatitis,696.41,Psoriasis vulgaris,690-697.99,"690-697.99, 714-714.99"
META,4701,4464,237,690.1,Seborrheic dermatitis,696,Psoriasis and related disorders,690-697.99,"690-697.99, 714-714.99"
EUR,4453,4453,0,250.1,Type 1 diabetes,251.1,Hypoglycemia,249-250.99,249-259.99
EUR,4445,4366,79,172.11,Melanomas of skin,173,Neoplasm of uncertain behavior of skin,172-173.99,172-173.99
EUR,4442,4442,0,250.13,Type 1 diabetes with ophthalmic manifestations,251.1,Hypoglycemia,249-250.99,249-259.99
META,4436,4357,79,172.11,Melanomas of skin,173,Neoplasm of uncertain behavior of skin,172-173.99,172-173.99
EUR,4406,4405,1,250.14,Type 1 diabetes with neurological manifestations,251.1,Hypoglycemia,249-250.99,249-259.99
META,4353,4353,0,250.1,Type 1 diabetes,251.1,Hypoglycemia,249-250.99,249-259.99
META,4345,4345,0,250.13,Type 1 diabetes with ophthalmic manifestations,251.1,Hypoglycemia,249-250.99,249-259.99
EUR,4315,3323,992,696.42,Psoriatic arthropathy,715,Other inflammatory spondylopathies,"690-697.99, 714-714.99","714-716.00, 696-696.99"
META,4295,4295,0,250.14,Type 1 diabetes with neurological manifestations,251.1,Hypoglycemia,249-250.99,249-259.99
EUR,4291,4291,0,250.11,Type 1 diabetes with ketoacidosis,251.1,Hypoglycemia,249-250.99,249-259.99
EUR,4265,4265,0,250.7,Diabetic retinopathy,251.1,Hypoglycemia,"250.70-250.79,360-365.99",249-259.99
EUR,4252,4252,0,250.12,Type 1 diabetes with renal manifestations,251.1,Hypoglycemia,249-250.99,249-259.99
META,4242,4242,0,250.11,Type 1 diabetes with ketoacidosis,251.1,Hypoglycemia,249-250.99,249-259.99
META,4208,3278,930,696.42,Psoriatic arthropathy,715,Other inflammatory spondylopathies,"690-697.99, 714-714.99","714-716.00, 696-696.99"
META,4190,4190,0,250.12,Type 1 diabetes with renal manifestations,251.1,Hypoglycemia,249-250.99,249-259.99
EUR,4152,4152,0,250.3,Insulin pump user,251.1,Hypoglycemia,249-250.99,249-259.99
META,4053,4053,0,250.3,Insulin pump user,251.1,Hypoglycemia,249-250.99,249-259.99
META,4045,989,3056,696.4,Psoriasis,697,Sarcoidosis,"690-697.99, 714-714.99",690-697.99
META,4020,1008,3012,696.41,Psoriasis vulgaris,697,Sarcoidosis,"690-697.99, 714-714.99",690-697.99
EUR,4016,4016,0,250.23,Type 2 diabetes with ophthalmic manifestations,251.1,Hypoglycemia,249-250.99,249-259.99
EUR,4015,4015,0,502,Postinflammatory pulmonary fibrosis,504,Other alveolar and parietoalveolar pneumonopathy,500-509.99,500-509.99
META,4011,949,3062,696,Psoriasis and related disorders,697,Sarcoidosis,"690-697.99, 714-714.99",690-697.99
META,4007,4007,0,502,Postinflammatory pulmonary fibrosis,504,Other alveolar and parietoalveolar pneumonopathy,500-509.99,500-509.99
EUR,4002,4002,0,426,Cardiac conduction disorders,427.2,Atrial fibrillation and flutter,426-427.99,426-427.99
EUR,4001,4001,0,426,Cardiac conduction disorders,427.21,Atrial fibrillation,426-427.99,426-427.99
META,3940,3940,0,426,Cardiac conduction disorders,427.21,Atrial fibrillation,426-427.99,426-427.99
META,3938,3938,0,426,Cardiac conduction disorders,427.2,Atrial fibrillation and flutter,426-427.99,426-427.99
META,3918,3918,0,250.7,Diabetic retinopathy,251.1,Hypoglycemia,"250.70-250.79,360-365.99",249-259.99
EUR,3916,3916,0,426,Cardiac conduction disorders,427,Cardiac dysrhythmias,426-427.99,426-427.99
META,3817,3817,0,426,Cardiac conduction disorders,427,Cardiac dysrhythmias,426-427.99,426-427.99
EUR,3600,3575,25,690,Erythematosquamous dermatosis,696.42,Psoriatic arthropathy,690-697.99,"690-697.99, 714-714.99"
EUR,3546,3520,26,690.1,Seborrheic dermatitis,696.42,Psoriatic arthropathy,690-697.99,"690-697.99, 714-714.99"
EUR,3544,1267,2277,242,Thyrotoxicosis with or without goiter,244,Hypothyroidism,240-246.99,240-246.99
EUR,3528,3527,1,316,Substance addiction and disorders,318,Tobacco use disorder,316-319.99,316-319.99
EUR,3485,1275,2210,242,Thyrotoxicosis with or without goiter,244.4,Hypothyroidism NOS,240-246.99,240-246.99
META,3459,3459,0,250.23,Type 2 diabetes with ophthalmic manifestations,251.1,Hypoglycemia,249-250.99,249-259.99
EUR,3427,3387,40,695.3,Rosacea,696.4,Psoriasis,690-697.99,"690-697.99, 714-714.99"
META,3410,3373,37,695.3,Rosacea,696.4,Psoriasis,690-697.99,"690-697.99, 714-714.99"
META,3382,1213,2169,242,Thyrotoxicosis with or without goiter,244,Hypothyroidism,240-246.99,240-246.99
EUR,3357,3314,43,695.3,Rosacea,696,Psoriasis and related disorders,690-697.99,"690-697.99, 714-714.99"
META,3336,1242,2094,242,Thyrotoxicosis with or without goiter,244.4,Hypothyroidism NOS,240-246.99,240-246.99
META,3335,3296,39,695.3,Rosacea,696,Psoriasis and related disorders,690-697.99,"690-697.99, 714-714.99"
META,3298,3261,37,695.3,Rosacea,696.41,Psoriasis vulgaris,690-697.99,"690-697.99, 714-714.99"
EUR,3296,3256,40,695.3,Rosacea,696.41,Psoriasis vulgaris,690-697.99,"690-697.99, 714-714.99"
EUR,3275,3274,1,502,Postinflammatory pulmonary fibrosis,504.1,Idiopathic fibrosing alveolitis,500-509.99,500-509.99
META,3273,3273,0,502,Postinflammatory pulmonary fibrosis,504.1,Idiopathic fibrosing alveolitis,500-509.99,500-509.99
EUR,3106,3106,0,296,Mood disorders,300,"Anxiety, phobic and dissociative disorders",295-306.99,295-306.99
EUR,3101,624,2477,696.41,Psoriasis vulgaris,697,Sarcoidosis,"690-697.99, 714-714.99",690-697.99
EUR,3080,589,2491,696.4,Psoriasis,697,Sarcoidosis,"690-697.99, 714-714.99",690-697.99
EUR,3069,3069,0,316,Substance addiction and disorders,317,Alcohol-related disorders,316-319.99,316-319.99
EUR,3043,545,2498,696,Psoriasis and related disorders,697,Sarcoidosis,"690-697.99, 714-714.99",690-697.99
EUR,2900,2899,1,250,Diabetes mellitus,251.1,Hypoglycemia,249-250.99,249-259.99
EUR,2891,2890,1,250.2,Type 2 diabetes,251.1,Hypoglycemia,249-250.99,249-259.99
META,2889,2874,15,690,Erythematosquamous dermatosis,696.42,Psoriatic arthropathy,690-697.99,"690-697.99, 714-714.99"
META,2811,2257,554,242.1,Graves' disease,244,Hypothyroidism,240-246.99,240-246.99
META,2803,2788,15,690.1,Seborrheic dermatitis,696.42,Psoriatic arthropathy,690-697.99,"690-697.99, 714-714.99"
EUR,2794,2794,0,296.2,Depression,300,"Anxiety, phobic and dissociative disorders",295-306.99,295-306.99
META,2768,2290,478,242.1,Graves' disease,244.4,Hypothyroidism NOS,240-246.99,240-246.99
META,2707,2707,0,316,Substance addiction and disorders,318,Tobacco use disorder,316-319.99,316-319.99
EUR,2649,2636,13,796,Elevated prostate specific antigen [PSA],600,Hyperplasia of prostate,"185-187.99, 796-796.99, 600-602.99","185-187.99, 796-796.99, 600-602.99"
EUR,2539,1908,631,250.7,Diabetic retinopathy,362.21,"Macular degeneration, dry","250.70-250.79,360-365.99","250.70-250.79,360-365.99"
EUR,2524,1958,566,242.1,Graves' disease,244,Hypothyroidism,240-246.99,240-246.99
EUR,2476,2451,25,694.1,Vitiligo,696.4,Psoriasis,690-697.99,"690-697.99, 714-714.99"
EUR,2469,2445,24,694.1,Vitiligo,696,Psoriasis and related disorders,690-697.99,"690-697.99, 714-714.99"
EUR,2468,2443,25,694.1,Vitiligo,696.41,Psoriasis vulgaris,690-697.99,"690-697.99, 714-714.99"
EUR,2462,1969,493,242.1,Graves' disease,244.4,Hypothyroidism NOS,240-246.99,240-246.99
META,2461,2435,26,694.1,Vitiligo,696.4,Psoriasis,690-697.99,"690-697.99, 714-714.99"
META,2453,2428,25,694.1,Vitiligo,696.41,Psoriasis vulgaris,690-697.99,"690-697.99, 714-714.99"
META,2452,2427,25,694.1,Vitiligo,696,Psoriasis and related disorders,690-697.99,"690-697.99, 714-714.99"
META,2418,2406,12,796,Elevated prostate specific antigen [PSA],600,Hyperplasia of prostate,"185-187.99, 796-796.99, 600-602.99","185-187.99, 796-796.99, 600-602.99"
META,2385,465,1920,696.42,Psoriatic arthropathy,697,Sarcoidosis,"690-697.99, 714-714.99",690-697.99
EUR,2362,2361,1,317,Alcohol-related disorders,318,Tobacco use disorder,316-319.99,316-319.99
META,2290,1752,538,250.7,Diabetic retinopathy,362.21,"Macular degeneration, dry","250.70-250.79,360-365.99","250.70-250.79,360-365.99"
META,2168,2168,0,296,Mood disorders,300,"Anxiety, phobic and dissociative disorders",295-306.99,295-306.99
META,2153,2152,1,316,Substance addiction and disorders,317,Alcohol-related disorders,316-319.99,316-319.99
META,2149,2129,20,695.3,Rosacea,696.42,Psoriatic arthropathy,690-697.99,"690-697.99, 714-714.99"
EUR,2133,2133,0,250.24,Type 2 diabetes with neurological manifestations,251.1,Hypoglycemia,249-250.99,249-259.99
EUR,2131,2110,21,695.3,Rosacea,696.42,Psoriatic arthropathy,690-697.99,"690-697.99, 714-714.99"
META,2019,2019,0,296.2,Depression,300,"Anxiety, phobic and dissociative disorders",295-306.99,295-306.99
EUR,2001,156,1845,696.42,Psoriatic arthropathy,697,Sarcoidosis,"690-697.99, 714-714.99",690-697.99
EUR,1989,1988,1,571.5,Other chronic nonalcoholic liver disease,573.7,Abnormal results of function study of liver,570-573.99,570-573.99
EUR,1977,1966,11,694.1,Vitiligo,696.42,Psoriatic arthropathy,690-697.99,"690-697.99, 714-714.99"
EUR,1974,1974,0,440.2,Atherosclerosis of the extremities,443.9,"Peripheral vascular disease, unspecified",440-449.99,440-449.99
META,1965,1953,12,694.1,Vitiligo,696.42,Psoriatic arthropathy,690-697.99,"690-697.99, 714-714.99"
META,1954,1952,2,571.5,Other chronic nonalcoholic liver disease,573.7,Abnormal results of function study of liver,570-573.99,570-573.99
META,1942,1942,0,250.24,Type 2 diabetes with neurological manifestations,251.1,Hypoglycemia,249-250.99,249-259.99
EUR,1939,1938,1,571,Chronic liver disease and cirrhosis,573.7,Abnormal results of function study of liver,570-573.99,570-573.99
EUR,1937,19,1918,241,Nontoxic nodular goiter,244.4,Hypothyroidism NOS,240-246.99,240-246.99
EUR,1928,1928,0,296.22,Major depressive disorder,300,"Anxiety, phobic and dissociative disorders",295-306.99,295-306.99
EUR,1917,20,1897,241,Nontoxic nodular goiter,244,Hypothyroidism,240-246.99,240-246.99
META,1911,1909,2,571,Chronic liver disease and cirrhosis,573.7,Abnormal results of function study of liver,570-573.99,570-573.99
META,1893,1892,1,317,Alcohol-related disorders,318,Tobacco use disorder,316-319.99,316-319.99
EUR,1829,204,1625,690,Erythematosquamous dermatosis,697,Sarcoidosis,690-697.99,690-697.99
EUR,1824,203,1621,690.1,Seborrheic dermatitis,697,Sarcoidosis,690-697.99,690-697.99
AFR,1823,1823,0,796,Elevated prostate specific antigen [PSA],185,Cancer of prostate,"185-187.99, 796-796.99, 600-602.99","185-187.99, 796-796.99, 600-602.99"
EUR,1794,1794,0,440.2,Atherosclerosis of the extremities,443,Peripheral vascular disease,440-449.99,440-449.99
META,1778,1778,0,440.2,Atherosclerosis of the extremities,443.9,"Peripheral vascular disease, unspecified",440-449.99,440-449.99
EUR,1765,1765,0,440,Atherosclerosis,443.9,"Peripheral vascular disease, unspecified",440-449.99,440-449.99
EUR,1748,1748,0,440,Atherosclerosis,443,Peripheral vascular disease,440-449.99,440-449.99
EUR,1742,1483,259,250.7,Diabetic retinopathy,362.2,Degeneration of macula and posterior pole of retina,"250.70-250.79,360-365.99","250.70-250.79,360-365.99"
EUR,1724,487,1237,695.3,Rosacea,697,Sarcoidosis,690-697.99,690-697.99
META,1688,235,1453,695.3,Rosacea,697,Sarcoidosis,690-697.99,690-697.99
META,1667,57,1610,241,Nontoxic nodular goiter,244.4,Hypothyroidism NOS,240-246.99,240-246.99
META,1660,1652,8,690,Erythematosquamous dermatosis,695.3,Rosacea,690-697.99,690-697.99
META,1658,60,1598,241,Nontoxic nodular goiter,244,Hypothyroidism,240-246.99,240-246.99
EUR,1651,135,1516,241.2,Nontoxic multinodular goiter,244,Hypothyroidism,240-246.99,240-246.99
EUR,1648,134,1514,241.2,Nontoxic multinodular goiter,244.4,Hypothyroidism NOS,240-246.99,240-246.99
EUR,1642,1630,12,690,Erythematosquamous dermatosis,695.3,Rosacea,690-697.99,690-697.99
META,1619,1611,8,690.1,Seborrheic dermatitis,695.3,Rosacea,690-697.99,690-697.99
EUR,1614,1602,12,690.1,Seborrheic dermatitis,695.3,Rosacea,690-697.99,690-697.99
META,1613,1613,0,440,Atherosclerosis,443.9,"Peripheral vascular disease, unspecified",440-449.99,440-449.99
EUR,1599,1599,0,296,Mood disorders,300.1,Anxiety disorder,295-306.99,295-306.99
META,1569,1409,160,250.7,Diabetic retinopathy,362.2,Degeneration of macula and posterior pole of retina,"250.70-250.79,360-365.99","250.70-250.79,360-365.99"
META,1558,1558,0,440.2,Atherosclerosis of the extremities,443,Peripheral vascular disease,440-449.99,440-449.99
EUR,1557,1557,0,316,Substance addiction and disorders,317.1,Alcoholism,316-319.99,316-319.99
META,1547,1503,44,250.7,Diabetic retinopathy,362.27,Drusen (degenerative) of retina,"250.70-250.79,360-365.99","250.70-250.79,360-365.99"
META,1538,1538,0,440,Atherosclerosis,443,Peripheral vascular disease,440-449.99,440-449.99
EUR,1485,1485,0,296.2,Depression,300.1,Anxiety disorder,295-306.99,295-306.99
META,1473,43,1430,694.1,Vitiligo,697,Sarcoidosis,690-697.99,690-697.99
META,1468,139,1329,241.2,Nontoxic multinodular goiter,244,Hypothyroidism,240-246.99,240-246.99
META,1451,136,1315,241.2,Nontoxic multinodular goiter,244.4,Hypothyroidism NOS,240-246.99,240-246.99
META,1439,596,843,690,Erythematosquamous dermatosis,697,Sarcoidosis,690-697.99,690-697.99
EUR,1431,14,1417,694.1,Vitiligo,697,Sarcoidosis,690-697.99,690-697.99
EUR,1419,1419,0,250.21,Type 2 diabetes with ketoacidosis,251.1,Hypoglycemia,249-250.99,249-259.99
META,1416,609,807,690.1,Seborrheic dermatitis,697,Sarcoidosis,690-697.99,690-697.99
META,1391,1390,1,690.1,Seborrheic dermatitis,695.7,Prurigo and Lichen,690-697.99,690-697.99
META,1384,1383,1,690,Erythematosquamous dermatosis,695.7,Prurigo and Lichen,690-697.99,690-697.99
EUR,1351,1350,1,145,Cancer of mouth,149.1,Cancer of oropharynx,"140-149.99, 210-210.99","140-149.99, 210-210.99"
EUR,1350,1350,0,145,Cancer of mouth,149,"Cancer of larynx, pharynx, nasal cavities","140-149.99, 210-210.99","140-149.99, 210-210.99"
EUR,1347,1347,0,495,Asthma,496,Chronic airway obstruction,490-498.99,490-498.99
META,1347,1347,0,145,Cancer of mouth,149.1,Cancer of oropharynx,"140-149.99, 210-210.99","140-149.99, 210-210.99"
META,1347,1347,0,145,Cancer of mouth,149,"Cancer of larynx, pharynx, nasal cavities","140-149.99, 210-210.99","140-149.99, 210-210.99"
META,1307,1307,0,250.21,Type 2 diabetes with ketoacidosis,251.1,Hypoglycemia,249-250.99,249-259.99
META,1273,1273,0,296,Mood disorders,300.1,Anxiety disorder,295-306.99,295-306.99
META,1267,1267,0,695.4,Lupus (localized and systemic),335,Multiple sclerosis,"690-697.99, 335-335.99","330-337.99, 341-349.99"
EUR,1227,1227,0,440.22,Atherosclerosis of native arteries of the extremities with intermittent claudication,443.9,"Peripheral vascular disease, unspecified",440-449.99,440-449.99
META,1227,1227,0,296.2,Depression,300.1,Anxiety disorder,295-306.99,295-306.99
EUR,1219,1218,1,690.1,Seborrheic dermatitis,695.7,Prurigo and Lichen,690-697.99,690-697.99
EUR,1218,1217,1,690,Erythematosquamous dermatosis,695.7,Prurigo and Lichen,690-697.99,690-697.99
EUR,1207,1207,0,451,Phlebitis and thrombophlebitis,452,Other venous embolism and thrombosis,450-457.99,450-457.99
EUR,1205,1205,0,451,Phlebitis and thrombophlebitis,452.2,Deep vein thrombosis [DVT],450-457.99,450-457.99
EUR,1204,1204,0,145.2,Cancer of tongue,149.1,Cancer of oropharynx,"140-149.99, 210-210.99","140-149.99, 210-210.99"
EUR,1203,1203,0,145.2,Cancer of tongue,149,"Cancer of larynx, pharynx, nasal cavities","140-149.99, 210-210.99","140-149.99, 210-210.99"
META,1203,1203,0,145.2,Cancer of tongue,149.1,Cancer of oropharynx,"140-149.99, 210-210.99","140-149.99, 210-210.99"
EUR,1190,1190,0,440.22,Atherosclerosis of native arteries of the extremities with intermittent claudication,443,Peripheral vascular disease,440-449.99,440-449.99
EUR,1177,1177,0,571.51,Cirrhosis of liver without mention of alcohol,572,Ascites (non malignant),570-573.99,570-573.99
META,1175,1174,1,571.51,Cirrhosis of liver without mention of alcohol,572,Ascites (non malignant),570-573.99,570-573.99
EUR,1168,1168,0,695.4,Lupus (localized and systemic),335,Multiple sclerosis,"690-697.99, 335-335.99","330-337.99, 341-349.99"
META,1159,1159,0,316,Substance addiction and disorders,317.1,Alcoholism,316-319.99,316-319.99
EUR,1150,1,1149,694.1,Vitiligo,695.41,Cutaneous lupus erythematosus,690-697.99,"690-697.99, 335-335.99"
EUR,1147,3,1144,241.1,Nontoxic uninodular goiter,244.4,Hypothyroidism NOS,240-246.99,240-246.99
META,1144,0,1144,694.1,Vitiligo,695.41,Cutaneous lupus erythematosus,690-697.99,"690-697.99, 335-335.99"
EUR,1143,4,1139,695.41,Cutaneous lupus erythematosus,696.4,Psoriasis,"690-697.99, 335-335.99","690-697.99, 714-714.99"
EUR,1141,4,1137,695.41,Cutaneous lupus erythematosus,696,Psoriasis and related disorders,"690-697.99, 335-335.99","690-697.99, 714-714.99"
EUR,1139,1139,0,317.1,Alcoholism,318,Tobacco use disorder,316-319.99,316-319.99
META,1138,8,1130,695.41,Cutaneous lupus erythematosus,696.4,Psoriasis,"690-697.99, 335-335.99","690-697.99, 714-714.99"
EUR,1136,4,1132,695.41,Cutaneous lupus erythematosus,696.41,Psoriasis vulgaris,"690-697.99, 335-335.99","690-697.99, 714-714.99"
META,1136,9,1127,695.41,Cutaneous lupus erythematosus,696,Psoriasis and related disorders,"690-697.99, 335-335.99","690-697.99, 714-714.99"
META,1131,7,1124,695.41,Cutaneous lupus erythematosus,696.41,Psoriasis vulgaris,"690-697.99, 335-335.99","690-697.99, 714-714.99"
META,1126,1126,0,440.22,Atherosclerosis of native arteries of the extremities with intermittent claudication,443.9,"Peripheral vascular disease, unspecified",440-449.99,440-449.99
EUR,1124,1041,83,694.1,Vitiligo,695.3,Rosacea,690-697.99,690-697.99
EUR,1121,1087,34,110.2,Dermatomycoses,117,Mycoses,110-118.99,110-118.99
EUR,1118,4,1114,241.1,Nontoxic uninodular goiter,244,Hypothyroidism,240-246.99,240-246.99
EUR,1117,1117,0,695.41,Cutaneous lupus erythematosus,335,Multiple sclerosis,"690-697.99, 335-335.99","330-337.99, 341-349.99"
EUR,1111,6,1105,695.7,Prurigo and Lichen,697,Sarcoidosis,690-697.99,690-697.99
META,1111,1111,0,695.41,Cutaneous lupus erythematosus,335,Multiple sclerosis,"690-697.99, 335-335.99","330-337.99, 341-349.99"
META,1095,1095,0,145.2,Cancer of tongue,149,"Cancer of larynx, pharynx, nasal cavities","140-149.99, 210-210.99","140-149.99, 210-210.99"
META,1085,1085,0,440.22,Atherosclerosis of native arteries of the extremities with intermittent claudication,443,Peripheral vascular disease,440-449.99,440-449.99
META,1080,1056,24,694.1,Vitiligo,695.3,Rosacea,690-697.99,690-697.99
EUR,1076,1076,0,296.22,Major depressive disorder,300.1,Anxiety disorder,295-306.99,295-306.99
EUR,1075,1075,0,711,Arthropathy associated with infections,715,Other inflammatory spondylopathies,710-716.99,"714-716.00, 696-696.99"
META,1074,1074,0,711,Arthropathy associated with infections,715,Other inflammatory spondylopathies,710-716.99,"714-716.00, 696-696.99"
META,1072,1072,0,711,Arthropathy associated with infections,715.2,Ankylosing spondylitis,710-716.99,"714-716.00, 696-696.99"
META,1068,531,537,695.7,Prurigo and Lichen,697,Sarcoidosis,690-697.99,690-697.99
EUR,1067,1066,1,250.6,Polyneuropathy in diabetes,251.1,Hypoglycemia,249-250.99,249-259.99
EUR,1060,1060,0,711,Arthropathy associated with infections,715.2,Ankylosing spondylitis,710-716.99,"714-716.00, 696-696.99"
EUR,1058,1052,6,695.4,Lupus (localized and systemic),697,Sarcoidosis,"690-697.99, 335-335.99",690-697.99
META,1057,1054,3,695.41,Cutaneous lupus erythematosus,697,Sarcoidosis,"690-697.99, 335-335.99",690-697.99
META,1055,1055,0,250.6,Polyneuropathy in diabetes,251.1,Hypoglycemia,249-250.99,249-259.99
META,1052,1052,0,296.22,Major depressive disorder,300,"Anxiety, phobic and dissociative disorders",295-306.99,295-306.99
EUR,1045,1039,6,695.41,Cutaneous lupus erythematosus,697,Sarcoidosis,"690-697.99, 335-335.99",690-697.99
META,1043,1043,0,451,Phlebitis and thrombophlebitis,452,Other venous embolism and thrombosis,450-457.99,450-457.99
EUR,1041,1040,1,571.51,Cirrhosis of liver without mention of alcohol,573.7,Abnormal results of function study of liver,570-573.99,570-573.99
META,1033,1033,0,690.1,Seborrheic dermatitis,695,Erythematous conditions,690-697.99,690-697.99
META,1032,1032,0,690,Erythematosquamous dermatosis,695,Erythematous conditions,690-697.99,690-697.99
EUR,1029,1029,0,240,Simple and unspecified goiter,241.2,Nontoxic multinodular goiter,240-246.99,240-246.99
META,1029,1028,1,571.51,Cirrhosis of liver without mention of alcohol,573.7,Abnormal results of function study of liver,570-573.99,570-573.99
META,1025,1024,1,240,Simple and unspecified goiter,241.2,Nontoxic multinodular goiter,240-246.99,240-246.99
EUR,1002,1002,0,558,Noninfectious gastroenteritis,561.1,Diarrhea,555-564.99,555-564.99
META,980,10,970,695.4,Lupus (localized and systemic),696,Psoriasis and related disorders,"690-697.99, 335-335.99","690-697.99, 714-714.99"
META,979,9,970,695.4,Lupus (localized and systemic),696.4,Psoriasis,"690-697.99, 335-335.99","690-697.99, 714-714.99"
META,977,8,969,695.4,Lupus (localized and systemic),696.41,Psoriasis vulgaris,"690-697.99, 335-335.99","690-697.99, 714-714.99"
META,973,973,0,317.1,Alcoholism,318,Tobacco use disorder,316-319.99,316-319.99
EUR,965,965,0,720,Spinal stenosis,722,Intervertebral disc disorders,720-724.99,720-724.99
EUR,957,956,1,241,Nontoxic nodular goiter,242,Thyrotoxicosis with or without goiter,240-246.99,240-246.99
META,952,952,0,451,Phlebitis and thrombophlebitis,452.2,Deep vein thrombosis [DVT],450-457.99,450-457.99
EUR,950,950,0,558,Noninfectious gastroenteritis,561,Symptoms involving digestive system,555-564.99,555-564.99
META,950,863,87,695.4,Lupus (localized and systemic),697,Sarcoidosis,"690-697.99, 335-335.99",690-697.99
META,949,949,0,241,Nontoxic nodular goiter,242,Thyrotoxicosis with or without goiter,240-246.99,240-246.99
EUR,930,3,927,695.4,Lupus (localized and systemic),696.4,Psoriasis,"690-697.99, 335-335.99","690-697.99, 714-714.99"
EUR,930,3,927,695.4,Lupus (localized and systemic),696,Psoriasis and related disorders,"690-697.99, 335-335.99","690-697.99, 714-714.99"
EUR,928,3,925,695.4,Lupus (localized and systemic),696.41,Psoriasis vulgaris,"690-697.99, 335-335.99","690-697.99, 714-714.99"
EUR,919,2,917,694.1,Vitiligo,695.4,Lupus (localized and systemic),690-697.99,"690-697.99, 335-335.99"
META,912,911,1,240,Simple and unspecified goiter,241,Nontoxic nodular goiter,240-246.99,240-246.99
EUR,910,0,910,250.7,Diabetic retinopathy,363,"Chorioretinal inflammations, scars, and other disorders of choroid","250.70-250.79,360-365.99",360-365.99
META,908,2,906,694.1,Vitiligo,695.4,Lupus (localized and systemic),690-697.99,"690-697.99, 335-335.99"
META,905,4,901,241.1,Nontoxic uninodular goiter,244.4,Hypothyroidism NOS,240-246.99,240-246.99
META,889,5,884,241.1,Nontoxic uninodular goiter,244,Hypothyroidism,240-246.99,240-246.99
META,884,357,527,695.7,Prurigo and Lichen,696.41,Psoriasis vulgaris,690-697.99,"690-697.99, 714-714.99"
EUR,870,870,0,240,Simple and unspecified goiter,241,Nontoxic nodular goiter,240-246.99,240-246.99
EUR,863,862,1,250.7,Diabetic retinopathy,362,Other retinal disorders,"250.70-250.79,360-365.99","250.70-250.79,360-365.99"
EUR,856,856,0,241.2,Nontoxic multinodular goiter,242,Thyrotoxicosis with or without goiter,240-246.99,240-246.99
META,851,0,851,250.7,Diabetic retinopathy,363,"Chorioretinal inflammations, scars, and other disorders of choroid","250.70-250.79,360-365.99",360-365.99
META,849,849,0,241.2,Nontoxic multinodular goiter,242,Thyrotoxicosis with or without goiter,240-246.99,240-246.99
EUR,844,0,844,250.7,Diabetic retinopathy,363.3,Chorioretinal scars,"250.70-250.79,360-365.99",360-365.99
META,843,365,478,695.7,Prurigo and Lichen,696.4,Psoriasis,690-697.99,"690-697.99, 714-714.99"
META,843,361,482,695.7,Prurigo and Lichen,696,Psoriasis and related disorders,690-697.99,"690-697.99, 714-714.99"
META,840,840,0,280.1,"Iron deficiency anemias, unspecified or not due to blood loss",285,Other anemias,280-285.99,280-285.99
EUR,836,10,826,695.41,Cutaneous lupus erythematosus,696.42,Psoriatic arthropathy,"690-697.99, 335-335.99","690-697.99, 714-714.99"
META,833,11,822,695.41,Cutaneous lupus erythematosus,696.42,Psoriatic arthropathy,"690-697.99, 335-335.99","690-697.99, 714-714.99"
AFR,831,757,74,695.7,Prurigo and Lichen,697,Sarcoidosis,690-697.99,690-697.99
META,826,826,0,280,Iron deficiency anemias,285,Other anemias,280-285.99,280-285.99
META,826,826,0,296.22,Major depressive disorder,300.1,Anxiety disorder,295-306.99,295-306.99
META,825,824,1,250.7,Diabetic retinopathy,362,Other retinal disorders,"250.70-250.79,360-365.99","250.70-250.79,360-365.99"
META,811,671,140,242.1,Graves' disease,244.2,Acquired hypothyroidism,240-246.99,240-246.99
EUR,806,706,100,442.11,Abdominal aortic aneurysm,443.9,"Peripheral vascular disease, unspecified",440-449.99,440-449.99
EUR,802,799,3,711,Arthropathy associated with infections,714,Rheumatoid arthritis and other inflammatory polyarthropathies,710-716.99,"714-716.00, 696-696.99"
EUR,799,695,104,442.11,Abdominal aortic aneurysm,443,Peripheral vascular disease,440-449.99,440-449.99
META,797,0,797,250.7,Diabetic retinopathy,363.3,Chorioretinal scars,"250.70-250.79,360-365.99",360-365.99
META,797,797,0,558,Noninfectious gastroenteritis,561.1,Diarrhea,555-564.99,555-564.99
EUR,776,637,139,242.1,Graves' disease,244.2,Acquired hypothyroidism,240-246.99,240-246.99
META,775,774,1,711,Arthropathy associated with infections,714,Rheumatoid arthritis and other inflammatory polyarthropathies,710-716.99,"714-716.00, 696-696.99"
EUR,759,150,609,242,Thyrotoxicosis with or without goiter,244.2,Acquired hypothyroidism,240-246.99,240-246.99
META,757,149,608,242,Thyrotoxicosis with or without goiter,244.2,Acquired hypothyroidism,240-246.99,240-246.99
EUR,751,748,3,711,Arthropathy associated with infections,714.1,Rheumatoid arthritis,710-716.99,"714-716.00, 696-696.99"
EUR,736,736,0,296,Mood disorders,300.9,Posttraumatic stress disorder,295-306.99,295-306.99
META,733,639,94,442.11,Abdominal aortic aneurysm,443.9,"Peripheral vascular disease, unspecified",440-449.99,440-449.99
META,733,730,3,711,Arthropathy associated with infections,714.1,Rheumatoid arthritis,710-716.99,"714-716.00, 696-696.99"
META,733,733,0,558,Noninfectious gastroenteritis,561,Symptoms involving digestive system,555-564.99,555-564.99
EUR,730,621,109,442.1,Aortic aneurysm,443.9,"Peripheral vascular disease, unspecified",440-449.99,440-449.99
META,723,623,100,442.11,Abdominal aortic aneurysm,443,Peripheral vascular disease,440-449.99,440-449.99
EUR,718,718,0,571,Chronic liver disease and cirrhosis,572,Ascites (non malignant),570-573.99,570-573.99
META,716,716,0,571,Chronic liver disease and cirrhosis,572,Ascites (non malignant),570-573.99,570-573.99
AFR,713,713,0,250.11,Type 1 diabetes with ketoacidosis,251.1,Hypoglycemia,249-250.99,249-259.99
EUR,713,601,112,442.1,Aortic aneurysm,443,Peripheral vascular disease,440-449.99,440-449.99
EUR,713,713,0,241.1,Nontoxic uninodular goiter,242,Thyrotoxicosis with or without goiter,240-246.99,240-246.99
EUR,708,708,0,296.2,Depression,300.9,Posttraumatic stress disorder,295-306.99,295-306.99
EUR,705,705,0,571.5,Other chronic nonalcoholic liver disease,572,Ascites (non malignant),570-573.99,570-573.99
EUR,704,703,1,572,Ascites (non malignant),573.7,Abnormal results of function study of liver,570-573.99,570-573.99
EUR,703,632,71,440.2,Atherosclerosis of the extremities,442.11,Abdominal aortic aneurysm,440-449.99,440-449.99
META,703,703,0,571.5,Other chronic nonalcoholic liver disease,572,Ascites (non malignant),570-573.99,570-573.99
META,703,703,0,241.1,Nontoxic uninodular goiter,242,Thyrotoxicosis with or without goiter,240-246.99,240-246.99
META,702,700,2,572,Ascites (non malignant),573.7,Abnormal results of function study of liver,570-573.99,570-573.99
EUR,697,539,158,600,Hyperplasia of prostate,185,Cancer of prostate,"185-187.99, 796-796.99, 600-602.99","185-187.99, 796-796.99, 600-602.99"
EUR,695,215,480,240,Simple and unspecified goiter,244.4,Hypothyroidism NOS,240-246.99,240-246.99
META,693,622,71,440.2,Atherosclerosis of the extremities,442.11,Abdominal aortic aneurysm,440-449.99,440-449.99
META,689,688,1,240,Simple and unspecified goiter,241.1,Nontoxic uninodular goiter,240-246.99,240-246.99
EUR,686,643,43,440,Atherosclerosis,442.11,Abdominal aortic aneurysm,440-449.99,440-449.99
EUR,686,686,0,240,Simple and unspecified goiter,241.1,Nontoxic uninodular goiter,240-246.99,240-246.99
EUR,683,215,468,240,Simple and unspecified goiter,244,Hypothyroidism,240-246.99,240-246.99
META,682,13,669,695.4,Lupus (localized and systemic),696.42,Psoriatic arthropathy,"690-697.99, 335-335.99","690-697.99, 714-714.99"
EUR,681,540,141,426.2,Atrioventricular [AV] block,427.21,Atrial fibrillation,426-427.99,426-427.99
META,675,631,44,440,Atherosclerosis,442.11,Abdominal aortic aneurysm,440-449.99,440-449.99
EUR,666,528,138,426.2,Atrioventricular [AV] block,427.2,Atrial fibrillation and flutter,426-427.99,426-427.99
EUR,658,593,65,442,Other aneurysm,443.9,"Peripheral vascular disease, unspecified",440-449.99,440-449.99
AFR,655,608,47,695,Erythematous conditions,697,Sarcoidosis,690-697.99,690-697.99
EUR,650,577,73,440.2,Atherosclerosis of the extremities,442.1,Aortic aneurysm,440-449.99,440-449.99
EUR,646,6,640,202.2,Non-Hodgkins lymphoma,204.12,"Lymphoid leukemia, chronic",200-204.99,200-204.99
META,645,513,132,426.2,Atrioventricular [AV] block,427.21,Atrial fibrillation,426-427.99,426-427.99
EUR,639,10,629,695.4,Lupus (localized and systemic),696.42,Psoriatic arthropathy,"690-697.99, 335-335.99","690-697.99, 714-714.99"
EUR,637,571,66,442,Other aneurysm,443,Peripheral vascular disease,440-449.99,440-449.99
META,637,515,122,600,Hyperplasia of prostate,185,Cancer of prostate,"185-187.99, 796-796.99, 600-602.99","185-187.99, 796-796.99, 600-602.99"
AFR,635,634,1,242.1,Graves' disease,244.4,Hypothyroidism NOS,240-246.99,240-246.99
META,633,503,130,426.2,Atrioventricular [AV] block,427.2,Atrial fibrillation and flutter,426-427.99,426-427.99
AFR,631,631,0,242.1,Graves' disease,244,Hypothyroidism,240-246.99,240-246.99
META,618,618,0,720,Spinal stenosis,722,Intervertebral disc disorders,720-724.99,720-724.99
META,617,617,0,335,Multiple sclerosis,347,Cataplexy and narcolepsy,"330-337.99, 341-349.99","330-337.99, 341-349.99"
EUR,615,586,29,440.22,Atherosclerosis of native arteries of the extremities with intermittent claudication,442.11,Abdominal aortic aneurysm,440-449.99,440-449.99
EUR,612,558,54,440.22,Atherosclerosis of native arteries of the extremities with intermittent claudication,442.1,Aortic aneurysm,440-449.99,440-449.99
EUR,609,609,0,335,Multiple sclerosis,347,Cataplexy and narcolepsy,"330-337.99, 341-349.99","330-337.99, 341-349.99"
META,609,217,392,240,Simple and unspecified goiter,244.4,Hypothyroidism NOS,240-246.99,240-246.99
EUR,608,608,0,471,Nasal polyps,475,Chronic sinusitis,470-479.99,470-479.99
META,608,580,28,440.22,Atherosclerosis of native arteries of the extremities with intermittent claudication,442.11,Abdominal aortic aneurysm,440-449.99,440-449.99
META,606,217,389,240,Simple and unspecified goiter,244,Hypothyroidism,240-246.99,240-246.99
META,604,499,105,442.1,Aortic aneurysm,443.9,"Peripheral vascular disease, unspecified",440-449.99,440-449.99
META,601,601,0,471,Nasal polyps,475,Chronic sinusitis,470-479.99,470-479.99
AFR,598,598,0,250.13,Type 1 diabetes with ophthalmic manifestations,251.1,Hypoglycemia,249-250.99,249-259.99
META,594,485,109,442.1,Aortic aneurysm,443,Peripheral vascular disease,440-449.99,440-449.99
EUR,593,548,45,440,Atherosclerosis,442.1,Aortic aneurysm,440-449.99,440-449.99
META,591,528,63,442,Other aneurysm,443.9,"Peripheral vascular disease, unspecified",440-449.99,440-449.99
META,591,591,0,495,Asthma,496,Chronic airway obstruction,490-498.99,490-498.99
AFR,589,589,0,250.1,Type 1 diabetes,251.1,Hypoglycemia,249-250.99,249-259.99
META,576,511,65,442,Other aneurysm,443,Peripheral vascular disease,440-449.99,440-449.99
EUR,558,14,544,362.26,Macular puckering of retina,365,Glaucoma,"250.70-250.79,360-365.99",360-365.99
EUR,552,552,0,280,Iron deficiency anemias,285,Other anemias,280-285.99,280-285.99
EUR,552,327,225,361.2,Retinoschisis and retinal cysts,365,Glaucoma,360-365.99,360-365.99
EUR,551,551,0,280.1,"Iron deficiency anemias, unspecified or not due to blood loss",285,Other anemias,280-285.99,280-285.99
EUR,550,6,544,202,"Cancer of other lymphoid, histiocytic tissue",204.12,"Lymphoid leukemia, chronic",200-204.99,200-204.99
META,550,478,72,440.2,Atherosclerosis of the extremities,442.1,Aortic aneurysm,440-449.99,440-449.99
META,547,12,535,362.26,Macular puckering of retina,365,Glaucoma,"250.70-250.79,360-365.99",360-365.99
META,544,544,0,296,Mood disorders,300.9,Posttraumatic stress disorder,295-306.99,295-306.99
EUR,543,11,532,362.26,Macular puckering of retina,365.1,Open-angle glaucoma,"250.70-250.79,360-365.99",360-365.99
META,539,539,0,250,Diabetes mellitus,251.1,Hypoglycemia,249-250.99,249-259.99
META,537,491,46,440.22,Atherosclerosis of native arteries of the extremities with intermittent claudication,442.1,Aortic aneurysm,440-449.99,440-449.99
EUR,536,536,0,451.2,Phlebitis and thrombophlebitis of lower extremities,452.2,Deep vein thrombosis [DVT],450-457.99,450-457.99
EUR,536,536,0,451.2,Phlebitis and thrombophlebitis of lower extremities,452,Other venous embolism and thrombosis,450-457.99,450-457.99
META,535,10,525,362.26,Macular puckering of retina,365.1,Open-angle glaucoma,"250.70-250.79,360-365.99",360-365.99
EUR,533,532,1,495,Asthma,497,Bronchitis,490-498.99,490-498.99
EUR,527,527,0,720.1,Spinal stenosis of lumbar region,722,Intervertebral disc disorders,720-724.99,720-724.99
EUR,527,472,55,440.2,Atherosclerosis of the extremities,442,Other aneurysm,440-449.99,440-449.99
META,527,525,2,495,Asthma,497,Bronchitis,490-498.99,490-498.99
META,526,480,46,440,Atherosclerosis,442.1,Aortic aneurysm,440-449.99,440-449.99
META,525,525,0,250.2,Type 2 diabetes,251.1,Hypoglycemia,249-250.99,249-259.99
META,524,524,0,451.2,Phlebitis and thrombophlebitis of lower extremities,452.2,Deep vein thrombosis [DVT],450-457.99,450-457.99
META,524,524,0,451.2,Phlebitis and thrombophlebitis of lower extremities,452,Other venous embolism and thrombosis,450-457.99,450-457.99
EUR,523,479,44,440,Atherosclerosis,442,Other aneurysm,440-449.99,440-449.99
META,522,468,54,440.2,Atherosclerosis of the extremities,442,Other aneurysm,440-449.99,440-449.99
META,516,470,46,440,Atherosclerosis,442,Other aneurysm,440-449.99,440-449.99
META,515,515,0,296.2,Depression,300.9,Posttraumatic stress disorder,295-306.99,295-306.99
META,509,507,2,070.2,Viral hepatitis B,078,Viral warts &#38; HPV,050-079.99,050-079.99
EUR,506,453,53,440.22,Atherosclerosis of native arteries of the extremities with intermittent claudication,442,Other aneurysm,440-449.99,440-449.99
EUR,504,504,0,208,Benign neoplasm of colon,153.2,Colon cancer,"153-153.99, 208-208.99","150-159.99, 208-208.99"
META,503,503,0,208,Benign neoplasm of colon,153.2,Colon cancer,"153-153.99, 208-208.99","150-159.99, 208-208.99"
EUR,496,495,1,571.8,Liver abscess and sequelae of chronic liver disease,573.7,Abnormal results of function study of liver,570-573.99,570-573.99
META,496,494,2,571.8,Liver abscess and sequelae of chronic liver disease,573.7,Abnormal results of function study of liver,570-573.99,570-573.99
EUR,494,493,1,690,Erythematosquamous dermatosis,695,Erythematous conditions,690-697.99,690-697.99
META,494,449,45,440.22,Atherosclerosis of native arteries of the extremities with intermittent claudication,442,Other aneurysm,440-449.99,440-449.99
EUR,493,268,225,361.2,Retinoschisis and retinal cysts,365.1,Open-angle glaucoma,360-365.99,360-365.99
EUR,489,488,1,690.1,Seborrheic dermatitis,695,Erythematous conditions,690-697.99,690-697.99
EUR,487,6,481,202.2,Non-Hodgkins lymphoma,204.1,Lymphoid leukemia,200-204.99,200-204.99
META,486,486,0,240,Simple and unspecified goiter,242,Thyrotoxicosis with or without goiter,240-246.99,240-246.99
AFR,485,485,0,250.12,Type 1 diabetes with renal manifestations,251.1,Hypoglycemia,249-250.99,249-259.99
EUR,485,485,0,240,Simple and unspecified goiter,242,Thyrotoxicosis with or without goiter,240-246.99,240-246.99
EUR,481,481,0,208,Benign neoplasm of colon,153,Colorectal cancer,"153-153.99, 208-208.99","150-159.99, 208-208.99"
EUR,478,478,0,070.2,Viral hepatitis B,078,Viral warts &#38; HPV,050-079.99,050-079.99
META,476,476,0,208,Benign neoplasm of colon,153,Colorectal cancer,"153-153.99, 208-208.99","150-159.99, 208-208.99"
AFR,475,475,0,282.8,Other hemoglobinopathies,285,Other anemias,280-285.99,280-285.99
EUR,474,361,113,426.2,Atrioventricular [AV] block,427,Cardiac dysrhythmias,426-427.99,426-427.99
EUR,469,469,0,216,Benign neoplasm of skin,217.1,"Nevus, non-neoplastic",216-217.99,216-217.99
META,468,468,0,216,Benign neoplasm of skin,217.1,"Nevus, non-neoplastic",216-217.99,216-217.99
EUR,462,462,0,216,Benign neoplasm of skin,217,Vascular hamartomas and non-neoplastic nevi,216-217.99,216-217.99
EUR,462,462,0,720,Spinal stenosis,721,Spondylosis and allied disorders,720-724.99,720-724.99
META,460,460,0,216,Benign neoplasm of skin,217,Vascular hamartomas and non-neoplastic nevi,216-217.99,216-217.99
AFR,456,456,0,280.1,"Iron deficiency anemias, unspecified or not due to blood loss",282.8,Other hemoglobinopathies,280-285.99,280-285.99
EUR,456,278,178,695.7,Prurigo and Lichen,696.41,Psoriasis vulgaris,690-697.99,"690-697.99, 714-714.99"
EUR,455,195,260,250.7,Diabetic retinopathy,365.1,Open-angle glaucoma,"250.70-250.79,360-365.99",360-365.99
EUR,444,443,1,690,Erythematosquamous dermatosis,694.2,Other dyschromia,690-697.99,690-697.99
EUR,444,443,1,690.1,Seborrheic dermatitis,694.2,Other dyschromia,690-697.99,690-697.99
META,442,442,0,720.1,Spinal stenosis of lumbar region,722,Intervertebral disc disorders,720-724.99,720-724.99
AFR,438,438,0,280.1,"Iron deficiency anemias, unspecified or not due to blood loss",285,Other anemias,280-285.99,280-285.99
AFR,436,436,0,585.32,End stage renal disease,588,Disorders resulting from impaired renal function,580-590.99,580-590.99
EUR,436,126,310,426.21,First degree AV block,427.21,Atrial fibrillation,426-427.99,426-427.99
EUR,433,433,0,454,Varicose veins,456,Chronic venous insufficiency [CVI],450-457.99,450-457.99
AFR,430,430,0,280,Iron deficiency anemias,282.8,Other hemoglobinopathies,280-285.99,280-285.99
EUR,429,429,0,720,Spinal stenosis,721.1,Spondylosis without myelopathy,720-724.99,720-724.99
AFR,422,422,0,282,Hereditary hemolytic anemias,285,Other anemias,280-285.99,280-285.99
EUR,422,113,309,426.21,First degree AV block,427.2,Atrial fibrillation and flutter,426-427.99,426-427.99
META,421,115,306,426.21,First degree AV block,427.21,Atrial fibrillation,426-427.99,426-427.99
META,420,419,1,690.1,Seborrheic dermatitis,694.2,Other dyschromia,690-697.99,690-697.99
AFR,416,416,0,280,Iron deficiency anemias,285,Other anemias,280-285.99,280-285.99
META,416,351,65,695.7,Prurigo and Lichen,696.42,Psoriatic arthropathy,690-697.99,"690-697.99, 714-714.99"
EUR,415,415,0,701,Other hypertrophic and atrophic conditions of skin,702,Degenerative skin conditions and other dermatoses,700-701.99,700-702.99
EUR,415,415,0,296.22,Major depressive disorder,300.9,Posttraumatic stress disorder,295-306.99,295-306.99
META,415,414,1,690,Erythematosquamous dermatosis,694.2,Other dyschromia,690-697.99,690-697.99
EUR,414,279,135,695.7,Prurigo and Lichen,696,Psoriasis and related disorders,690-697.99,"690-697.99, 714-714.99"
EUR,414,414,0,701.2,Scar conditions and fibrosis of skin,702,Degenerative skin conditions and other dermatoses,700-701.99,700-702.99
META,414,414,0,454,Varicose veins,456,Chronic venous insufficiency [CVI],450-457.99,450-457.99
EUR,413,413,0,454.1,Varicose veins of lower extremity,456,Chronic venous insufficiency [CVI],450-457.99,450-457.99
EUR,411,279,132,695.7,Prurigo and Lichen,696.4,Psoriasis,690-697.99,"690-697.99, 714-714.99"
EUR,410,6,404,202,"Cancer of other lymphoid, histiocytic tissue",204.1,Lymphoid leukemia,200-204.99,200-204.99
EUR,409,409,0,426.9,Cardiac pacemaker/device in situ,427,Cardiac dysrhythmias,426-427.99,426-427.99
EUR,407,407,0,571.8,Liver abscess and sequelae of chronic liver disease,572,Ascites (non malignant),570-573.99,570-573.99
EUR,407,407,0,721,Spondylosis and allied disorders,722,Intervertebral disc disorders,720-724.99,720-724.99
EUR,406,406,0,426.9,Cardiac pacemaker/device in situ,427.2,Atrial fibrillation and flutter,426-427.99,426-427.99
EUR,406,0,406,149.1,Cancer of oropharynx,155.1,"Malignant neoplasm of liver, primary","140-149.99, 210-210.99","140-159.99, 210-211.99"
META,406,406,0,571.8,Liver abscess and sequelae of chronic liver disease,572,Ascites (non malignant),570-573.99,570-573.99
META,405,405,0,426.9,Cardiac pacemaker/device in situ,427,Cardiac dysrhythmias,426-427.99,426-427.99
META,404,106,298,426.21,First degree AV block,427.2,Atrial fibrillation and flutter,426-427.99,426-427.99
EUR,403,402,1,426.9,Cardiac pacemaker/device in situ,427.21,Atrial fibrillation,426-427.99,426-427.99
META,403,403,0,454.1,Varicose veins of lower extremity,456,Chronic venous insufficiency [CVI],450-457.99,450-457.99
EUR,396,0,396,149,"Cancer of larynx, pharynx, nasal cavities",155.1,"Malignant neoplasm of liver, primary","140-149.99, 210-210.99","140-159.99, 210-211.99"
META,396,172,224,361.2,Retinoschisis and retinal cysts,365,Glaucoma,360-365.99,360-365.99
META,394,287,107,426.2,Atrioventricular [AV] block,427,Cardiac dysrhythmias,426-427.99,426-427.99
EUR,392,4,388,250.7,Diabetic retinopathy,364.51,Fuchs' dystrophy,"250.70-250.79,360-365.99",360-365.99
AFR,391,391,0,240,Simple and unspecified goiter,241.2,Nontoxic multinodular goiter,240-246.99,240-246.99
EUR,389,369,20,244,Hypothyroidism,245,Thyroiditis,240-246.99,240-246.99
EUR,389,369,20,244.4,Hypothyroidism NOS,245,Thyroiditis,240-246.99,240-246.99
META,389,165,224,361.2,Retinoschisis and retinal cysts,365.1,Open-angle glaucoma,360-365.99,360-365.99
META,388,368,20,244,Hypothyroidism,245,Thyroiditis,240-246.99,240-246.99
META,388,368,20,244.4,Hypothyroidism NOS,245,Thyroiditis,240-246.99,240-246.99
META,386,0,386,250.7,Diabetic retinopathy,364.51,Fuchs' dystrophy,"250.70-250.79,360-365.99",360-365.99
EUR,385,382,3,426.91,Cardiac pacemaker in situ,427.21,Atrial fibrillation,426-427.99,426-427.99
EUR,385,385,0,426.91,Cardiac pacemaker in situ,427.2,Atrial fibrillation and flutter,426-427.99,426-427.99
META,385,385,0,720,Spinal stenosis,721,Spondylosis and allied disorders,720-724.99,720-724.99
META,382,382,0,426.91,Cardiac pacemaker in situ,427.2,Atrial fibrillation and flutter,426-427.99,426-427.99
META,380,380,0,426.91,Cardiac pacemaker in situ,427.21,Atrial fibrillation,426-427.99,426-427.99
EUR,378,378,0,721.1,Spondylosis without myelopathy,722,Intervertebral disc disorders,720-724.99,720-724.99
EUR,373,373,0,241.2,Nontoxic multinodular goiter,242.2,Toxic multinodular goiter,240-246.99,240-246.99
META,372,372,0,701,Other hypertrophic and atrophic conditions of skin,702,Degenerative skin conditions and other dermatoses,700-701.99,700-702.99
EUR,370,370,0,241,Nontoxic nodular goiter,242.2,Toxic multinodular goiter,240-246.99,240-246.99
AFR,369,369,0,585.32,End stage renal disease,588.2,Secondary hyperparathyroidism (of renal origin),580-590.99,580-590.99
EUR,368,310,58,695.7,Prurigo and Lichen,696.42,Psoriatic arthropathy,690-697.99,"690-697.99, 714-714.99"
EUR,366,365,1,571.81,Portal hypertension,573.7,Abnormal results of function study of liver,570-573.99,570-573.99
META,366,364,2,571.81,Portal hypertension,573.7,Abnormal results of function study of liver,570-573.99,570-573.99
META,366,366,0,241.2,Nontoxic multinodular goiter,242.2,Toxic multinodular goiter,240-246.99,240-246.99
META,364,364,0,426.9,Cardiac pacemaker/device in situ,427.2,Atrial fibrillation and flutter,426-427.99,426-427.99
AFR,363,363,0,280.1,"Iron deficiency anemias, unspecified or not due to blood loss",282,Hereditary hemolytic anemias,280-285.99,280-285.99
EUR,363,363,0,495,Asthma,496.2,Chronic bronchitis,490-498.99,490-498.99
META,363,363,0,241,Nontoxic nodular goiter,242.2,Toxic multinodular goiter,240-246.99,240-246.99
META,362,362,0,426.9,Cardiac pacemaker/device in situ,427.21,Atrial fibrillation,426-427.99,426-427.99
EUR,361,361,0,426.91,Cardiac pacemaker in situ,427,Cardiac dysrhythmias,426-427.99,426-427.99
EUR,359,359,0,240,Simple and unspecified goiter,242.2,Toxic multinodular goiter,240-246.99,240-246.99
EUR,359,15,344,362.21,"Macular degeneration, dry",365,Glaucoma,"250.70-250.79,360-365.99",360-365.99
EUR,358,358,0,249,Secondary diabetes mellitus,250.2,Type 2 diabetes,249-250.99,249-250.99
EUR,358,358,0,249,Secondary diabetes mellitus,250,Diabetes mellitus,249-250.99,249-250.99
EUR,358,358,0,241.1,Nontoxic uninodular goiter,242.2,Toxic multinodular goiter,240-246.99,240-246.99
META,358,358,0,720,Spinal stenosis,721.1,Spondylosis without myelopathy,720-724.99,720-724.99
AFR,352,352,0,240,Simple and unspecified goiter,241,Nontoxic nodular goiter,240-246.99,240-246.99
META,352,352,0,240,Simple and unspecified goiter,242.2,Toxic multinodular goiter,240-246.99,240-246.99
AFR,351,351,0,280,Iron deficiency anemias,282,Hereditary hemolytic anemias,280-285.99,280-285.99
EUR,351,345,6,053,Herpes zoster,078,Viral warts &#38; HPV,050-079.99,050-079.99
META,351,351,0,241.1,Nontoxic uninodular goiter,242.2,Toxic multinodular goiter,240-246.99,240-246.99
AFR,350,350,0,250.14,Type 1 diabetes with neurological manifestations,251.1,Hypoglycemia,249-250.99,249-259.99
META,347,347,0,701.2,Scar conditions and fibrosis of skin,702,Degenerative skin conditions and other dermatoses,700-701.99,700-702.99
META,346,346,0,249,Secondary diabetes mellitus,250,Diabetes mellitus,249-250.99,249-250.99
META,346,346,0,249,Secondary diabetes mellitus,250.2,Type 2 diabetes,249-250.99,249-250.99
EUR,344,344,0,249,Secondary diabetes mellitus,250.24,Type 2 diabetes with neurological manifestations,249-250.99,249-250.99
EUR,342,342,0,571.81,Portal hypertension,572,Ascites (non malignant),570-573.99,570-573.99
EUR,340,212,128,250.7,Diabetic retinopathy,365,Glaucoma,"250.70-250.79,360-365.99",360-365.99
META,340,340,0,571.81,Portal hypertension,572,Ascites (non malignant),570-573.99,570-573.99
META,338,333,5,053,Herpes zoster,078,Viral warts &#38; HPV,050-079.99,050-079.99
META,334,334,0,721,Spondylosis and allied disorders,722,Intervertebral disc disorders,720-724.99,720-724.99
EUR,333,62,271,250.7,Diabetic retinopathy,362.29,Macular degeneration (senile) of retina NOS,"250.70-250.79,360-365.99","250.70-250.79,360-365.99"
META,333,216,117,240,Simple and unspecified goiter,244.2,Acquired hypothyroidism,240-246.99,240-246.99
EUR,331,214,117,240,Simple and unspecified goiter,244.2,Acquired hypothyroidism,240-246.99,240-246.99
EUR,330,122,208,690.1,Seborrheic dermatitis,694.1,Vitiligo,690-697.99,690-697.99
EUR,330,123,207,690,Erythematosquamous dermatosis,694.1,Vitiligo,690-697.99,690-697.99
META,328,328,0,241,Nontoxic nodular goiter,244.1,Secondary hypothyroidism,240-246.99,240-246.99
META,322,322,0,249,Secondary diabetes mellitus,250.24,Type 2 diabetes with neurological manifestations,249-250.99,249-250.99
META,321,321,0,282,Hereditary hemolytic anemias,285,Other anemias,280-285.99,280-285.99
META,318,318,0,721.1,Spondylosis without myelopathy,722,Intervertebral disc disorders,720-724.99,720-724.99
META,317,317,0,241.1,Nontoxic uninodular goiter,244.1,Secondary hypothyroidism,240-246.99,240-246.99
EUR,316,87,229,361,Retinal detachments and defects,365.1,Open-angle glaucoma,360-365.99,360-365.99
META,309,309,0,241.2,Nontoxic multinodular goiter,246,Other disorders of thyroid,240-246.99,240-246.99
META,309,309,0,241,Nontoxic nodular goiter,246,Other disorders of thyroid,240-246.99,240-246.99
META,307,307,0,242,Thyrotoxicosis with or without goiter,246,Other disorders of thyroid,240-246.99,240-246.99
META,307,307,0,241.1,Nontoxic uninodular goiter,246,Other disorders of thyroid,240-246.99,240-246.99
EUR,306,305,1,690.1,Seborrheic dermatitis,694,Dyschromia and Vitiligo,690-697.99,690-697.99
EUR,306,305,1,690,Erythematosquamous dermatosis,694,Dyschromia and Vitiligo,690-697.99,690-697.99
META,305,305,0,240,Simple and unspecified goiter,246,Other disorders of thyroid,240-246.99,240-246.99
EUR,304,304,0,571.5,Other chronic nonalcoholic liver disease,573.6,Nonspecific elevation of levels of transaminase or lactic acid dehydrogenase [LDH],570-573.99,570-573.99
EUR,304,304,0,571,Chronic liver disease and cirrhosis,573.6,Nonspecific elevation of levels of transaminase or lactic acid dehydrogenase [LDH],570-573.99,570-573.99
EUR,304,304,0,426.91,Cardiac pacemaker in situ,427.22,Atrial flutter,426-427.99,426-427.99
META,304,304,0,426.91,Cardiac pacemaker in situ,427.22,Atrial flutter,426-427.99,426-427.99
EUR,303,303,0,720,Spinal stenosis,722.6,Degeneration of intervertebral disc,720-724.99,720-724.99
EUR,299,299,0,496,Chronic airway obstruction,497,Bronchitis,490-498.99,490-498.99
META,299,299,0,496,Chronic airway obstruction,497,Bronchitis,490-498.99,490-498.99
META,298,298,0,571,Chronic liver disease and cirrhosis,573.6,Nonspecific elevation of levels of transaminase or lactic acid dehydrogenase [LDH],570-573.99,570-573.99
META,298,298,0,571.5,Other chronic nonalcoholic liver disease,573.6,Nonspecific elevation of levels of transaminase or lactic acid dehydrogenase [LDH],570-573.99,570-573.99
EUR,297,297,0,241,Nontoxic nodular goiter,244.1,Secondary hypothyroidism,240-246.99,240-246.99
AFR,294,294,0,585.31,Renal dialysis,588,Disorders resulting from impaired renal function,580-590.99,580-590.99
EUR,294,294,0,471,Nasal polyps,476,Allergic rhinitis,470-479.99,470-479.99
EUR,294,56,238,361,Retinal detachments and defects,365,Glaucoma,360-365.99,360-365.99
EUR,294,294,0,571.51,Cirrhosis of liver without mention of alcohol,573.6,Nonspecific elevation of levels of transaminase or lactic acid dehydrogenase [LDH],570-573.99,570-573.99
META,293,292,1,690.1,Seborrheic dermatitis,694,Dyschromia and Vitiligo,690-697.99,690-697.99
AFR,292,292,0,585.32,End stage renal disease,587,Kidney replaced by transpant,580-590.99,580-590.99
AFR,291,291,0,240,Simple and unspecified goiter,241.1,Nontoxic uninodular goiter,240-246.99,240-246.99
AFR,288,158,130,695.4,Lupus (localized and systemic),697,Sarcoidosis,"690-697.99, 335-335.99",690-697.99
EUR,288,288,0,241.1,Nontoxic uninodular goiter,244.1,Secondary hypothyroidism,240-246.99,240-246.99
META,288,287,1,571.51,Cirrhosis of liver without mention of alcohol,573.6,Nonspecific elevation of levels of transaminase or lactic acid dehydrogenase [LDH],570-573.99,570-573.99
META,288,287,1,690,Erythematosquamous dermatosis,694,Dyschromia and Vitiligo,690-697.99,690-697.99
META,288,288,0,426.91,Cardiac pacemaker in situ,427,Cardiac dysrhythmias,426-427.99,426-427.99
EUR,287,287,0,496.2,Chronic bronchitis,497,Bronchitis,490-498.99,490-498.99
META,287,58,229,250.7,Diabetic retinopathy,362.29,Macular degeneration (senile) of retina NOS,"250.70-250.79,360-365.99","250.70-250.79,360-365.99"
EUR,285,285,0,695,Erythematous conditions,696.4,Psoriasis,690-697.99,"690-697.99, 714-714.99"
EUR,284,284,0,426,Cardiac conduction disorders,427.22,Atrial flutter,426-427.99,426-427.99
META,284,284,0,496.2,Chronic bronchitis,497,Bronchitis,490-498.99,490-498.99
EUR,283,283,0,571.8,Liver abscess and sequelae of chronic liver disease,573.6,Nonspecific elevation of levels of transaminase or lactic acid dehydrogenase [LDH],570-573.99,570-573.99
META,283,58,225,361,Retinal detachments and defects,365.1,Open-angle glaucoma,360-365.99,360-365.99
META,283,283,0,280.1,"Iron deficiency anemias, unspecified or not due to blood loss",282,Hereditary hemolytic anemias,280-285.99,280-285.99
EUR,282,282,0,241.2,Nontoxic multinodular goiter,246,Other disorders of thyroid,240-246.99,240-246.99
EUR,282,282,0,241,Nontoxic nodular goiter,246,Other disorders of thyroid,240-246.99,240-246.99
EUR,282,282,0,241.1,Nontoxic uninodular goiter,246,Other disorders of thyroid,240-246.99,240-246.99
EUR,282,282,0,242,Thyrotoxicosis with or without goiter,246,Other disorders of thyroid,240-246.99,240-246.99
META,280,280,0,280,Iron deficiency anemias,282,Hereditary hemolytic anemias,280-285.99,280-285.99
EUR,279,279,0,240,Simple and unspecified goiter,246,Other disorders of thyroid,240-246.99,240-246.99
META,277,277,0,571.8,Liver abscess and sequelae of chronic liver disease,573.6,Nonspecific elevation of levels of transaminase or lactic acid dehydrogenase [LDH],570-573.99,570-573.99
META,275,275,0,296.22,Major depressive disorder,300.9,Posttraumatic stress disorder,295-306.99,295-306.99
META,273,234,39,695,Erythematous conditions,696.41,Psoriasis vulgaris,690-697.99,"690-697.99, 714-714.99"
AFR,271,271,0,587,Kidney replaced by transpant,588,Disorders resulting from impaired renal function,580-590.99,580-590.99
META,271,37,234,361,Retinal detachments and defects,365,Glaucoma,360-365.99,360-365.99
EUR,268,45,223,110,Dermatophytosis / Dermatomycosis,117,Mycoses,110-118.99,110-118.99
AFR,267,267,0,585.31,Renal dialysis,588.2,Secondary hyperparathyroidism (of renal origin),580-590.99,580-590.99
META,267,266,1,695,Erythematous conditions,696.4,Psoriasis,690-697.99,"690-697.99, 714-714.99"
META,267,267,0,426,Cardiac conduction disorders,427.22,Atrial flutter,426-427.99,426-427.99
META,265,45,220,110,Dermatophytosis / Dermatomycosis,117,Mycoses,110-118.99,110-118.99
EUR,264,264,0,426.9,Cardiac pacemaker/device in situ,427.22,Atrial flutter,426-427.99,426-427.99
META,261,10,251,362.26,Macular puckering of retina,365.11,Primary open angle glaucoma,"250.70-250.79,360-365.99",360-365.99
AFR,259,259,0,585.34,"Chronic Kidney Disease, Stage IV",588,Disorders resulting from impaired renal function,580-590.99,580-590.99
EUR,258,258,0,452,Other venous embolism and thrombosis,456,Chronic venous insufficiency [CVI],450-457.99,450-457.99
EUR,258,258,0,695,Erythematous conditions,696,Psoriasis and related disorders,690-697.99,"690-697.99, 714-714.99"
EUR,258,10,248,362.26,Macular puckering of retina,365.11,Primary open angle glaucoma,"250.70-250.79,360-365.99",360-365.99
EUR,258,258,0,249,Secondary diabetes mellitus,250.23,Type 2 diabetes with ophthalmic manifestations,249-250.99,249-250.99
META,257,257,0,471,Nasal polyps,476,Allergic rhinitis,470-479.99,470-479.99
META,256,256,0,426.9,Cardiac pacemaker/device in situ,427.22,Atrial flutter,426-427.99,426-427.99
EUR,255,255,0,695,Erythematous conditions,696.41,Psoriasis vulgaris,690-697.99,"690-697.99, 714-714.99"
META,255,255,0,249,Secondary diabetes mellitus,250.23,Type 2 diabetes with ophthalmic manifestations,249-250.99,249-250.99
AFR,253,253,0,690.1,Seborrheic dermatitis,695.7,Prurigo and Lichen,690-697.99,690-697.99
META,251,251,0,452,Other venous embolism and thrombosis,456,Chronic venous insufficiency [CVI],450-457.99,450-457.99
AFR,250,250,0,585.34,"Chronic Kidney Disease, Stage IV",588.2,Secondary hyperparathyroidism (of renal origin),580-590.99,580-590.99
AFR,248,248,0,587,Kidney replaced by transpant,588.2,Secondary hyperparathyroidism (of renal origin),580-590.99,580-590.99
META,248,216,32,244.4,Hypothyroidism NOS,246.7,Abnormal results of function study of thyroid,240-246.99,240-246.99
EUR,246,246,0,426.91,Cardiac pacemaker in situ,427.8,Sinoatrial node dysfunction (Bradycardia),426-427.99,426-427.99
META,246,246,0,426.91,Cardiac pacemaker in situ,427.8,Sinoatrial node dysfunction (Bradycardia),426-427.99,426-427.99
META,245,245,0,242.2,Toxic multinodular goiter,246,Other disorders of thyroid,240-246.99,240-246.99
AFR,244,244,0,585.31,Renal dialysis,587,Kidney replaced by transpant,580-590.99,580-590.99
EUR,244,42,202,426.21,First degree AV block,427,Cardiac dysrhythmias,426-427.99,426-427.99
EUR,243,243,0,443.9,"Peripheral vascular disease, unspecified",444,Arterial embolism and thrombosis,440-449.99,440-449.99
EUR,243,243,0,242.2,Toxic multinodular goiter,246,Other disorders of thyroid,240-246.99,240-246.99
META,243,216,27,244,Hypothyroidism,246.7,Abnormal results of function study of thyroid,240-246.99,240-246.99
META,242,143,99,250.7,Diabetic retinopathy,365.1,Open-angle glaucoma,"250.70-250.79,360-365.99",360-365.99
META,242,125,117,241.2,Nontoxic multinodular goiter,244.2,Acquired hypothyroidism,240-246.99,240-246.99
EUR,241,241,0,721,Spondylosis and allied disorders,722.6,Degeneration of intervertebral disc,720-724.99,720-724.99
EUR,240,240,0,721.1,Spondylosis without myelopathy,722.6,Degeneration of intervertebral disc,720-724.99,720-724.99
EUR,238,238,0,244.2,Acquired hypothyroidism,245,Thyroiditis,240-246.99,240-246.99
EUR,238,238,0,803.2,Fracture of radius and ulna,804,Fracture of hand or wrist,800-809.99,800-809.99
META,238,238,0,244.2,Acquired hypothyroidism,245,Thyroiditis,240-246.99,240-246.99
META,238,237,1,695,Erythematous conditions,696,Psoriasis and related disorders,690-697.99,"690-697.99, 714-714.99"
META,238,4,234,696.4,Psoriasis,709,Diffuse diseases of connective tissue,"690-697.99, 714-714.99","690-697.99, 708-709.99"
META,238,238,0,803.2,Fracture of radius and ulna,804,Fracture of hand or wrist,800-809.99,800-809.99
EUR,237,237,0,443,Peripheral vascular disease,444,Arterial embolism and thrombosis,440-449.99,440-449.99
META,236,3,233,695.3,Rosacea,709,Diffuse diseases of connective tissue,690-697.99,"690-697.99, 708-709.99"
META,235,4,231,696.41,Psoriasis vulgaris,709,Diffuse diseases of connective tissue,"690-697.99, 714-714.99","690-697.99, 708-709.99"
EUR,234,234,0,495.1,Chronic obstructive asthma,496,Chronic airway obstruction,490-498.99,490-498.99
META,233,233,0,443.9,"Peripheral vascular disease, unspecified",444,Arterial embolism and thrombosis,440-449.99,440-449.99
META,233,4,229,696,Psoriasis and related disorders,709,Diffuse diseases of connective tissue,"690-697.99, 714-714.99","690-697.99, 708-709.99"
EUR,232,115,117,241.2,Nontoxic multinodular goiter,244.2,Acquired hypothyroidism,240-246.99,240-246.99
AFR,231,229,2,695.41,Cutaneous lupus erythematosus,697,Sarcoidosis,"690-697.99, 335-335.99",690-697.99
EUR,231,231,0,244.4,Hypothyroidism NOS,246.7,Abnormal results of function study of thyroid,240-246.99,240-246.99
EUR,231,231,0,244,Hypothyroidism,246.7,Abnormal results of function study of thyroid,240-246.99,240-246.99
EUR,231,231,0,454.11,"Varicose veins of lower extremity, symptomtic",456,Chronic venous insufficiency [CVI],450-457.99,450-457.99
META,231,231,0,585.32,End stage renal disease,588,Disorders resulting from impaired renal function,580-590.99,580-590.99
EUR,230,230,0,440.2,Atherosclerosis of the extremities,444,Arterial embolism and thrombosis,440-449.99,440-449.99
META,230,230,0,454.11,"Varicose veins of lower extremity, symptomtic",456,Chronic venous insufficiency [CVI],450-457.99,450-457.99
META,229,229,0,249,Secondary diabetes mellitus,250.1,Type 1 diabetes,249-250.99,249-250.99
META,229,229,0,240,Simple and unspecified goiter,246.7,Abnormal results of function study of thyroid,240-246.99,240-246.99
META,229,229,0,495.1,Chronic obstructive asthma,496,Chronic airway obstruction,490-498.99,490-498.99
EUR,228,228,0,249,Secondary diabetes mellitus,250.1,Type 1 diabetes,249-250.99,249-250.99
EUR,228,228,0,244.2,Acquired hypothyroidism,246.7,Abnormal results of function study of thyroid,240-246.99,240-246.99
META,228,228,0,249,Secondary diabetes mellitus,250.3,Insulin pump user,249-250.99,249-250.99
META,228,228,0,443,Peripheral vascular disease,444,Arterial embolism and thrombosis,440-449.99,440-449.99
EUR,226,226,0,249,Secondary diabetes mellitus,250.3,Insulin pump user,249-250.99,249-250.99
EUR,226,226,0,440,Atherosclerosis,444,Arterial embolism and thrombosis,440-449.99,440-449.99
META,225,225,0,440.2,Atherosclerosis of the extremities,444,Arterial embolism and thrombosis,440-449.99,440-449.99
META,225,42,183,426.21,First degree AV block,427,Cardiac dysrhythmias,426-427.99,426-427.99
AFR,224,224,0,250.3,Insulin pump user,251.1,Hypoglycemia,249-250.99,249-259.99
AFR,223,223,0,585.3,Chronic renal failure [CKD],588,Disorders resulting from impaired renal function,580-590.99,580-590.99
EUR,222,222,0,495,Asthma,496.21,Obstructive chronic bronchitis,490-498.99,490-498.99
EUR,222,222,0,351,Other peripheral nerve disorders,355.1,Chronic pain syndrome,351-355.99,351-355.99
AFR,221,221,0,585.34,"Chronic Kidney Disease, Stage IV",587,Kidney replaced by transpant,580-590.99,580-590.99
META,221,221,0,585.32,End stage renal disease,588.2,Secondary hyperparathyroidism (of renal origin),580-590.99,580-590.99
EUR,220,220,0,720.1,Spinal stenosis of lumbar region,721,Spondylosis and allied disorders,720-724.99,720-724.99
EUR,220,220,0,440.22,Atherosclerosis of native arteries of the extremities with intermittent claudication,444,Arterial embolism and thrombosis,440-449.99,440-449.99
EUR,219,18,201,362.2,Degeneration of macula and posterior pole of retina,365,Glaucoma,"250.70-250.79,360-365.99",360-365.99
EUR,218,218,0,572,Ascites (non malignant),573.6,Nonspecific elevation of levels of transaminase or lactic acid dehydrogenase [LDH],570-573.99,570-573.99
EUR,217,217,0,796,Elevated prostate specific antigen [PSA],601.1,Prostatitis,"185-187.99, 796-796.99, 600-602.99","185-187.99, 796-796.99, 600-602.99"
META,217,217,0,440,Atherosclerosis,444,Arterial embolism and thrombosis,440-449.99,440-449.99
META,217,89,128,690.1,Seborrheic dermatitis,694.1,Vitiligo,690-697.99,690-697.99
AFR,216,216,0,690,Erythematosquamous dermatosis,695.7,Prurigo and Lichen,690-697.99,690-697.99
EUR,216,0,216,242.2,Toxic multinodular goiter,244.4,Hypothyroidism NOS,240-246.99,240-246.99
EUR,216,195,21,426.92,Cardiac defibrillator in situ,427.21,Atrial fibrillation,426-427.99,426-427.99
META,216,216,0,796,Elevated prostate specific antigen [PSA],601.1,Prostatitis,"185-187.99, 796-796.99, 600-602.99","185-187.99, 796-796.99, 600-602.99"
META,216,90,126,690,Erythematosquamous dermatosis,694.1,Vitiligo,690-697.99,690-697.99
META,216,216,0,572,Ascites (non malignant),573.6,Nonspecific elevation of levels of transaminase or lactic acid dehydrogenase [LDH],570-573.99,570-573.99
AFR,215,215,0,585.3,Chronic renal failure [CKD],588.2,Secondary hyperparathyroidism (of renal origin),580-590.99,580-590.99
META,214,214,0,585.3,Chronic renal failure [CKD],588,Disorders resulting from impaired renal function,580-590.99,580-590.99
EUR,213,213,0,571.81,Portal hypertension,573.6,Nonspecific elevation of levels of transaminase or lactic acid dehydrogenase [LDH],570-573.99,570-573.99
META,213,213,0,249,Secondary diabetes mellitus,250.22,Type 2 diabetes with renal manifestations,249-250.99,249-250.99
META,213,213,0,249,Secondary diabetes mellitus,250.25,Diabetes type 2 with peripheral circulatory disorders,249-250.99,249-250.99
META,213,213,0,440.22,Atherosclerosis of native arteries of the extremities with intermittent claudication,444,Arterial embolism and thrombosis,440-449.99,440-449.99
META,213,213,0,244.2,Acquired hypothyroidism,246.7,Abnormal results of function study of thyroid,240-246.99,240-246.99
EUR,212,195,17,426.92,Cardiac defibrillator in situ,427.2,Atrial fibrillation and flutter,426-427.99,426-427.99
AFR,211,211,0,250.21,Type 2 diabetes with ketoacidosis,251.1,Hypoglycemia,249-250.99,249-259.99
AFR,210,210,0,585.3,Chronic renal failure [CKD],587,Kidney replaced by transpant,580-590.99,580-590.99
EUR,210,210,0,249,Secondary diabetes mellitus,250.22,Type 2 diabetes with renal manifestations,249-250.99,249-250.99
EUR,210,210,0,440.21,Atherosclerosis of native arteries of the extremities with ulceration or gangrene,443.9,"Peripheral vascular disease, unspecified",440-449.99,440-449.99
EUR,210,210,0,440.21,Atherosclerosis of native arteries of the extremities with ulceration or gangrene,443,Peripheral vascular disease,440-449.99,440-449.99
EUR,210,210,0,249,Secondary diabetes mellitus,250.25,Diabetes type 2 with peripheral circulatory disorders,249-250.99,249-250.99
META,210,210,0,440.21,Atherosclerosis of native arteries of the extremities with ulceration or gangrene,443.9,"Peripheral vascular disease, unspecified",440-449.99,440-449.99
META,210,210,0,440.21,Atherosclerosis of native arteries of the extremities with ulceration or gangrene,443,Peripheral vascular disease,440-449.99,440-449.99
EUR,209,209,0,296,Mood disorders,301,Personality disorders,295-306.99,295-306.99
EUR,207,207,0,440.2,Atherosclerosis of the extremities,444.1,Arterial embolism and thrombosis of lower extremity artery,440-449.99,440-449.99
META,207,207,0,571.81,Portal hypertension,573.6,Nonspecific elevation of levels of transaminase or lactic acid dehydrogenase [LDH],570-573.99,570-573.99
META,207,4,203,696.42,Psoriatic arthropathy,709,Diffuse diseases of connective tissue,"690-697.99, 714-714.99","690-697.99, 708-709.99"
EUR,206,0,206,242.2,Toxic multinodular goiter,244,Hypothyroidism,240-246.99,240-246.99
EUR,205,205,0,442.2,Aneurysm of iliac artery,443.9,"Peripheral vascular disease, unspecified",440-449.99,440-449.99
META,205,205,0,280.1,"Iron deficiency anemias, unspecified or not due to blood loss",282.8,Other hemoglobinopathies,280-285.99,280-285.99
EUR,204,204,0,240,Simple and unspecified goiter,246.7,Abnormal results of function study of thyroid,240-246.99,240-246.99
EUR,204,204,0,440,Atherosclerosis,444.1,Arterial embolism and thrombosis of lower extremity artery,440-449.99,440-449.99
EUR,203,203,0,442.11,Abdominal aortic aneurysm,444.1,Arterial embolism and thrombosis of lower extremity artery,440-449.99,440-449.99
EUR,203,203,0,440.22,Atherosclerosis of native arteries of the extremities with intermittent claudication,444.1,Arterial embolism and thrombosis of lower extremity artery,440-449.99,440-449.99
EUR,202,202,0,452.2,Deep vein thrombosis [DVT],456,Chronic venous insufficiency [CVI],450-457.99,450-457.99
EUR,202,202,0,442.1,Aortic aneurysm,444.1,Arterial embolism and thrombosis of lower extremity artery,440-449.99,440-449.99
META,202,201,1,585.34,"Chronic Kidney Disease, Stage IV",588.2,Secondary hyperparathyroidism (of renal origin),580-590.99,580-590.99
EUR,201,201,0,426,Cardiac conduction disorders,427.3,Other specified cardiac dysrhythmias,426-427.99,426-427.99
EUR,201,201,0,300,"Anxiety, phobic and dissociative disorders",301,Personality disorders,295-306.99,295-306.99
EUR,201,201,0,442.2,Aneurysm of iliac artery,443,Peripheral vascular disease,440-449.99,440-449.99
EUR,201,201,0,296.2,Depression,301,Personality disorders,295-306.99,295-306.99
META,201,201,0,440.2,Atherosclerosis of the extremities,444.1,Arterial embolism and thrombosis of lower extremity artery,440-449.99,440-449.99
EUR,200,200,0,300.1,Anxiety disorder,301,Personality disorders,295-306.99,295-306.99
META,200,200,0,442.11,Abdominal aortic aneurysm,444.1,Arterial embolism and thrombosis of lower extremity artery,440-449.99,440-449.99
META,200,200,0,426,Cardiac conduction disorders,427.3,Other specified cardiac dysrhythmias,426-427.99,426-427.99
META,200,200,0,440.22,Atherosclerosis of native arteries of the extremities with intermittent claudication,444.1,Arterial embolism and thrombosis of lower extremity artery,440-449.99,440-449.99
META,200,200,0,440,Atherosclerosis,444.1,Arterial embolism and thrombosis of lower extremity artery,440-449.99,440-449.99
META,199,199,0,452.2,Deep vein thrombosis [DVT],456,Chronic venous insufficiency [CVI],450-457.99,450-457.99
EUR,198,198,0,295,Schizophrenia and other psychotic disorders,296,Mood disorders,295-306.99,295-306.99
EUR,198,0,198,362.21,"Macular degeneration, dry",365.2,Primary angle-closure glaucoma,"250.70-250.79,360-365.99",360-365.99
META,198,198,0,282.8,Other hemoglobinopathies,285,Other anemias,280-285.99,280-285.99
META,198,197,1,585.34,"Chronic Kidney Disease, Stage IV",588,Disorders resulting from impaired renal function,580-590.99,580-590.99
EUR,196,196,0,495.2,Asthma with exacerbation,496,Chronic airway obstruction,490-498.99,490-498.99
EUR,196,196,0,442.11,Abdominal aortic aneurysm,444,Arterial embolism and thrombosis,440-449.99,440-449.99
META,196,196,0,495.2,Asthma with exacerbation,496,Chronic airway obstruction,490-498.99,490-498.99
META,196,5,191,110.2,Dermatomycoses,117,Mycoses,110-118.99,110-118.99
META,196,29,167,695,Erythematous conditions,697,Sarcoidosis,690-697.99,690-697.99
META,195,195,0,241.2,Nontoxic multinodular goiter,244.1,Secondary hypothyroidism,240-246.99,240-246.99
META,195,195,0,720.1,Spinal stenosis of lumbar region,721,Spondylosis and allied disorders,720-724.99,720-724.99
META,195,195,0,585.3,Chronic renal failure [CKD],588.2,Secondary hyperparathyroidism (of renal origin),580-590.99,580-590.99
META,194,194,0,720,Spinal stenosis,722.6,Degeneration of intervertebral disc,720-724.99,720-724.99
META,194,194,0,442.1,Aortic aneurysm,444.1,Arterial embolism and thrombosis of lower extremity artery,440-449.99,440-449.99
AFR,193,193,0,695.4,Lupus (localized and systemic),335,Multiple sclerosis,"690-697.99, 335-335.99","330-337.99, 341-349.99"
META,193,193,0,280,Iron deficiency anemias,282.8,Other hemoglobinopathies,280-285.99,280-285.99
EUR,192,192,0,442,Other aneurysm,444,Arterial embolism and thrombosis,440-449.99,440-449.99
EUR,192,192,0,442.1,Aortic aneurysm,444,Arterial embolism and thrombosis,440-449.99,440-449.99
META,191,191,0,242.1,Graves' disease,245,Thyroiditis,240-246.99,240-246.99
META,191,119,72,250.7,Diabetic retinopathy,365,Glaucoma,"250.70-250.79,360-365.99",360-365.99
AFR,190,190,0,690.1,Seborrheic dermatitis,695,Erythematous conditions,690-697.99,690-697.99
EUR,190,37,153,110.1,Dermatophytosis,117,Mycoses,110-118.99,110-118.99
META,190,190,0,585.31,Renal dialysis,588,Disorders resulting from impaired renal function,580-590.99,580-590.99
EUR,188,188,0,443.9,"Peripheral vascular disease, unspecified",444.1,Arterial embolism and thrombosis of lower extremity artery,440-449.99,440-449.99
META,188,188,0,442.11,Abdominal aortic aneurysm,444,Arterial embolism and thrombosis,440-449.99,440-449.99
EUR,186,186,0,720.1,Spinal stenosis of lumbar region,721.1,Spondylosis without myelopathy,720-724.99,720-724.99
EUR,185,185,0,443,Peripheral vascular disease,444.1,Arterial embolism and thrombosis of lower extremity artery,440-449.99,440-449.99
EUR,184,184,0,426.9,Cardiac pacemaker/device in situ,427.8,Sinoatrial node dysfunction (Bradycardia),426-427.99,426-427.99
EUR,184,184,0,700,Corns and callosities,701.1,"Keratoderma, acquired",700-701.99,700-701.99
META,184,184,0,442,Other aneurysm,444,Arterial embolism and thrombosis,440-449.99,440-449.99
META,184,184,0,585.32,End stage renal disease,587,Kidney replaced by transpant,580-590.99,580-590.99
EUR,182,182,0,451.2,Phlebitis and thrombophlebitis of lower extremities,456,Chronic venous insufficiency [CVI],450-457.99,450-457.99
META,182,182,0,443.9,"Peripheral vascular disease, unspecified",444.1,Arterial embolism and thrombosis of lower extremity artery,440-449.99,440-449.99
EUR,181,181,0,300.9,Posttraumatic stress disorder,301,Personality disorders,295-306.99,295-306.99
META,181,181,0,426.9,Cardiac pacemaker/device in situ,427.8,Sinoatrial node dysfunction (Bradycardia),426-427.99,426-427.99
AFR,180,180,0,714,Rheumatoid arthritis and other inflammatory polyarthropathies,715.2,Ankylosing spondylitis,"714-716.00, 696-696.99","714-716.00, 696-696.99"
EUR,180,180,0,694.2,Other dyschromia,695.3,Rosacea,690-697.99,690-697.99
EUR,180,180,0,442,Other aneurysm,444.1,Arterial embolism and thrombosis of lower extremity artery,440-449.99,440-449.99
META,180,180,0,700,Corns and callosities,701.1,"Keratoderma, acquired",700-701.99,700-701.99
META,180,37,143,110.1,Dermatophytosis,117,Mycoses,110-118.99,110-118.99
META,180,180,0,442.1,Aortic aneurysm,444,Arterial embolism and thrombosis,440-449.99,440-449.99
META,179,179,0,443,Peripheral vascular disease,444.1,Arterial embolism and thrombosis of lower extremity artery,440-449.99,440-449.99
META,177,177,0,585.31,Renal dialysis,587,Kidney replaced by transpant,580-590.99,580-590.99
META,177,177,0,442,Other aneurysm,444.1,Arterial embolism and thrombosis of lower extremity artery,440-449.99,440-449.99
META,176,165,11,426.92,Cardiac defibrillator in situ,427.2,Atrial fibrillation and flutter,426-427.99,426-427.99
EUR,175,0,175,286.2,Encounter for long-term (current) use of anticoagulants,287.3,Thrombocytopenia,286-287.99,286-287.99
META,175,0,175,286.2,Encounter for long-term (current) use of anticoagulants,287.3,Thrombocytopenia,286-287.99,286-287.99
EUR,174,174,0,715,Other inflammatory spondylopathies,716,Other arthropathies,"714-716.00, 696-696.99",710-716.99
EUR,174,174,0,714,Rheumatoid arthritis and other inflammatory polyarthropathies,716,Other arthropathies,"714-716.00, 696-696.99",710-716.99
EUR,174,174,0,715.2,Ankylosing spondylitis,716,Other arthropathies,"714-716.00, 696-696.99",710-716.99
EUR,174,0,174,286.2,Encounter for long-term (current) use of anticoagulants,287,Purpura and other hemorrhagic conditions,286-287.99,286-287.99
META,174,174,0,495,Asthma,496.21,Obstructive chronic bronchitis,490-498.99,490-498.99
META,174,0,174,286.2,Encounter for long-term (current) use of anticoagulants,287,Purpura and other hemorrhagic conditions,286-287.99,286-287.99
EUR,173,173,0,356,Hereditary and idiopathic peripheral neuropathy,357,Inflammatory and toxic neuropathy,356-359.99,356-359.99
EUR,173,111,62,426.2,Atrioventricular [AV] block,427.22,Atrial flutter,426-427.99,426-427.99
META,173,173,0,451.2,Phlebitis and thrombophlebitis of lower extremities,456,Chronic venous insufficiency [CVI],450-457.99,450-457.99
META,173,154,19,426.92,Cardiac defibrillator in situ,427.21,Atrial fibrillation,426-427.99,426-427.99
AFR,172,171,1,585.33,"Chronic Kidney Disease, Stage III",588,Disorders resulting from impaired renal function,580-590.99,580-590.99
EUR,172,172,0,571,Chronic liver disease and cirrhosis,573.3,Hepatomegaly,570-573.99,570-573.99
EUR,172,172,0,571.5,Other chronic nonalcoholic liver disease,573.3,Hepatomegaly,570-573.99,570-573.99
META,172,172,0,571,Chronic liver disease and cirrhosis,573.3,Hepatomegaly,570-573.99,570-573.99
META,172,172,0,571.5,Other chronic nonalcoholic liver disease,573.3,Hepatomegaly,570-573.99,570-573.99
EUR,171,171,0,711,Arthropathy associated with infections,716,Other arthropathies,710-716.99,710-716.99
META,171,171,0,585,Renal failure,588,Disorders resulting from impaired renal function,580-590.99,580-590.99
AFR,170,169,1,585.33,"Chronic Kidney Disease, Stage III",588.2,Secondary hyperparathyroidism (of renal origin),580-590.99,580-590.99
EUR,170,170,0,801,Fracture of ankle and foot,804,Fracture of hand or wrist,800-809.99,800-809.99
META,170,170,0,801,Fracture of ankle and foot,804,Fracture of hand or wrist,800-809.99,800-809.99
META,169,169,0,694.2,Other dyschromia,695.3,Rosacea,690-697.99,690-697.99
META,169,169,0,295,Schizophrenia and other psychotic disorders,296,Mood disorders,295-306.99,295-306.99
META,169,2,167,694.1,Vitiligo,709,Diffuse diseases of connective tissue,690-697.99,"690-697.99, 708-709.99"
META,169,169,0,356,Hereditary and idiopathic peripheral neuropathy,357,Inflammatory and toxic neuropathy,356-359.99,356-359.99
META,168,168,0,585.31,Renal dialysis,588.2,Secondary hyperparathyroidism (of renal origin),580-590.99,580-590.99
META,168,168,0,720.1,Spinal stenosis of lumbar region,721.1,Spondylosis without myelopathy,720-724.99,720-724.99
META,168,168,0,585.33,"Chronic Kidney Disease, Stage III",588,Disorders resulting from impaired renal function,580-590.99,580-590.99
AFR,167,167,0,585.2,Renal failure NOS,588,Disorders resulting from impaired renal function,580-590.99,580-590.99
META,167,46,121,241,Nontoxic nodular goiter,244.2,Acquired hypothyroidism,240-246.99,240-246.99
EUR,166,166,0,426.91,Cardiac pacemaker in situ,427.5,Arrhythmia (cardiac) NOS,426-427.99,426-427.99
EUR,166,166,0,600,Hyperplasia of prostate,601.1,Prostatitis,"185-187.99, 796-796.99, 600-602.99","185-187.99, 796-796.99, 600-602.99"
META,166,166,0,600,Hyperplasia of prostate,601.1,Prostatitis,"185-187.99, 796-796.99, 600-602.99","185-187.99, 796-796.99, 600-602.99"
META,166,107,59,426.2,Atrioventricular [AV] block,427.22,Atrial flutter,426-427.99,426-427.99
EUR,165,165,0,426.9,Cardiac pacemaker/device in situ,427.5,Arrhythmia (cardiac) NOS,426-427.99,426-427.99
META,165,165,0,426.91,Cardiac pacemaker in situ,427.5,Arrhythmia (cardiac) NOS,426-427.99,426-427.99
EUR,164,164,0,714.1,Rheumatoid arthritis,716,Other arthropathies,"714-716.00, 696-696.99",710-716.99
EUR,164,164,0,241.2,Nontoxic multinodular goiter,244.1,Secondary hypothyroidism,240-246.99,240-246.99
META,164,164,0,426.9,Cardiac pacemaker/device in situ,427.5,Arrhythmia (cardiac) NOS,426-427.99,426-427.99
META,163,0,163,149.1,Cancer of oropharynx,155.1,"Malignant neoplasm of liver, primary","140-149.99, 210-210.99","140-159.99, 210-211.99"
AFR,162,162,0,714,Rheumatoid arthritis and other inflammatory polyarthropathies,715,Other inflammatory spondylopathies,"714-716.00, 696-696.99","714-716.00, 696-696.99"
AFR,162,161,1,585.33,"Chronic Kidney Disease, Stage III",587,Kidney replaced by transpant,580-590.99,580-590.99
EUR,162,162,0,295,Schizophrenia and other psychotic disorders,296.2,Depression,295-306.99,295-306.99
EUR,161,161,0,242.1,Graves' disease,245,Thyroiditis,240-246.99,240-246.99
META,161,161,0,585,Renal failure,588.2,Secondary hyperparathyroidism (of renal origin),580-590.99,580-590.99
META,161,161,0,442.2,Aneurysm of iliac artery,443.9,"Peripheral vascular disease, unspecified",440-449.99,440-449.99
EUR,160,160,0,295,Schizophrenia and other psychotic disorders,300,"Anxiety, phobic and dissociative disorders",295-306.99,295-306.99
META,160,160,0,695.42,Systemic lupus erythematosus,335,Multiple sclerosis,"690-697.99, 335-335.99","330-337.99, 341-349.99"
AFR,159,159,0,585.2,Renal failure NOS,587,Kidney replaced by transpant,580-590.99,580-590.99
EUR,159,157,2,440.22,Atherosclerosis of native arteries of the extremities with intermittent claudication,442.2,Aneurysm of iliac artery,440-449.99,440-449.99
EUR,159,24,135,250.7,Diabetic retinopathy,362.22,"Macular degeneration, wet","250.70-250.79,360-365.99","250.70-250.79,360-365.99"
META,159,159,0,585.33,"Chronic Kidney Disease, Stage III",588.2,Secondary hyperparathyroidism (of renal origin),580-590.99,580-590.99
EUR,158,158,0,440,Atherosclerosis,442.2,Aneurysm of iliac artery,440-449.99,440-449.99
EUR,158,158,0,440.2,Atherosclerosis of the extremities,442.2,Aneurysm of iliac artery,440-449.99,440-449.99
META,158,158,0,440,Atherosclerosis,442.2,Aneurysm of iliac artery,440-449.99,440-449.99
META,158,158,0,442.2,Aneurysm of iliac artery,443,Peripheral vascular disease,440-449.99,440-449.99
META,158,158,0,587,Kidney replaced by transpant,588,Disorders resulting from impaired renal function,580-590.99,580-590.99
META,158,158,0,440.2,Atherosclerosis of the extremities,442.2,Aneurysm of iliac artery,440-449.99,440-449.99
AFR,157,157,0,690,Erythematosquamous dermatosis,695,Erythematous conditions,690-697.99,690-697.99
EUR,157,157,0,426,Cardiac conduction disorders,427.8,Sinoatrial node dysfunction (Bradycardia),426-427.99,426-427.99
EUR,157,157,0,426,Cardiac conduction disorders,427.5,Arrhythmia (cardiac) NOS,426-427.99,426-427.99
META,157,157,0,440.22,Atherosclerosis of native arteries of the extremities with intermittent claudication,442.2,Aneurysm of iliac artery,440-449.99,440-449.99
META,157,0,157,362.21,"Macular degeneration, dry",365.2,Primary angle-closure glaucoma,"250.70-250.79,360-365.99",360-365.99
META,157,157,0,495,Asthma,496.2,Chronic bronchitis,490-498.99,490-498.99
AFR,156,156,0,585.2,Renal failure NOS,588.2,Secondary hyperparathyroidism (of renal origin),580-590.99,580-590.99
EUR,156,15,141,362.29,Macular degeneration (senile) of retina NOS,365,Glaucoma,"250.70-250.79,360-365.99",360-365.99
META,156,156,0,585.2,Renal failure NOS,588,Disorders resulting from impaired renal function,580-590.99,580-590.99
EUR,153,153,0,803,Fracture of upper limb,804,Fracture of hand or wrist,800-809.99,800-809.99
META,153,153,0,296,Mood disorders,301,Personality disorders,295-306.99,295-306.99
AFR,152,152,0,580,Nephritis; nephrosis; renal sclerosis,585.32,End stage renal disease,580-590.99,580-590.99
EUR,152,152,0,694.2,Other dyschromia,695,Erythematous conditions,690-697.99,690-697.99
EUR,152,152,0,426.92,Cardiac defibrillator in situ,427,Cardiac dysrhythmias,426-427.99,426-427.99
META,152,152,0,803,Fracture of upper limb,804,Fracture of hand or wrist,800-809.99,800-809.99
EUR,151,151,0,451,Phlebitis and thrombophlebitis,456,Chronic venous insufficiency [CVI],450-457.99,450-457.99
META,151,21,130,250.7,Diabetic retinopathy,362.22,"Macular degeneration, wet","250.70-250.79,360-365.99","250.70-250.79,360-365.99"
META,151,151,0,426.92,Cardiac defibrillator in situ,427,Cardiac dysrhythmias,426-427.99,426-427.99
EUR,150,150,0,295,Schizophrenia and other psychotic disorders,300.1,Anxiety disorder,295-306.99,295-306.99
EUR,150,150,0,571,Chronic liver disease and cirrhosis,573.5,Jaundice (not of newborn),570-573.99,570-573.99
META,150,150,0,585.2,Renal failure NOS,588.2,Secondary hyperparathyroidism (of renal origin),580-590.99,580-590.99
EUR,149,149,0,571.51,Cirrhosis of liver without mention of alcohol,573.3,Hepatomegaly,570-573.99,570-573.99
META,149,149,0,571.51,Cirrhosis of liver without mention of alcohol,573.3,Hepatomegaly,570-573.99,570-573.99
META,149,149,0,571,Chronic liver disease and cirrhosis,573.5,Jaundice (not of newborn),570-573.99,570-573.99
AFR,147,147,0,580,Nephritis; nephrosis; renal sclerosis,588,Disorders resulting from impaired renal function,580-590.99,580-590.99
AFR,147,147,0,335,Multiple sclerosis,347,Cataplexy and narcolepsy,"330-337.99, 341-349.99","330-337.99, 341-349.99"
EUR,147,147,0,715,Other inflammatory spondylopathies,716.9,Arthropathy NOS,"714-716.00, 696-696.99",710-716.99
EUR,147,147,0,715.2,Ankylosing spondylitis,716.9,Arthropathy NOS,"714-716.00, 696-696.99",710-716.99
META,147,147,0,451,Phlebitis and thrombophlebitis,456,Chronic venous insufficiency [CVI],450-457.99,450-457.99
META,147,147,0,290.1,Dementias,292,Neurological disorders,290-292.99,290-292.99
META,146,146,0,587,Kidney replaced by transpant,588.2,Secondary hyperparathyroidism (of renal origin),580-590.99,580-590.99
META,146,146,0,694.2,Other dyschromia,695,Erythematous conditions,690-697.99,690-697.99
AFR,145,145,0,580,Nephritis; nephrosis; renal sclerosis,585.31,Renal dialysis,580-590.99,580-590.99
EUR,145,145,0,453,Chronic venous hypertension,456,Chronic venous insufficiency [CVI],450-457.99,450-457.99
EUR,145,145,0,571.51,Cirrhosis of liver without mention of alcohol,573,Other disorders of liver,570-573.99,570-573.99
EUR,145,145,0,572,Ascites (non malignant),573,Other disorders of liver,570-573.99,570-573.99
EUR,145,145,0,571,Chronic liver disease and cirrhosis,573,Other disorders of liver,570-573.99,570-573.99
META,145,145,0,290.11,Alzheimer's disease,292,Neurological disorders,290-292.99,290-292.99
AFR,144,144,0,580,Nephritis; nephrosis; renal sclerosis,588.2,Secondary hyperparathyroidism (of renal origin),580-590.99,580-590.99
EUR,144,144,0,714,Rheumatoid arthritis and other inflammatory polyarthropathies,716.9,Arthropathy NOS,"714-716.00, 696-696.99",710-716.99
EUR,144,144,0,571.81,Portal hypertension,573,Other disorders of liver,570-573.99,570-573.99
EUR,144,144,0,711,Arthropathy associated with infections,716.9,Arthropathy NOS,710-716.99,710-716.99
EUR,144,144,0,571.8,Liver abscess and sequelae of chronic liver disease,573,Other disorders of liver,570-573.99,570-573.99
META,144,144,0,453,Chronic venous hypertension,456,Chronic venous insufficiency [CVI],450-457.99,450-457.99
META,144,144,0,426,Cardiac conduction disorders,427.8,Sinoatrial node dysfunction (Bradycardia),426-427.99,426-427.99
META,144,144,0,571.51,Cirrhosis of liver without mention of alcohol,573,Other disorders of liver,570-573.99,570-573.99
META,144,144,0,572,Ascites (non malignant),573,Other disorders of liver,570-573.99,570-573.99
META,144,144,0,426,Cardiac conduction disorders,427.5,Arrhythmia (cardiac) NOS,426-427.99,426-427.99
META,144,144,0,571,Chronic liver disease and cirrhosis,573,Other disorders of liver,570-573.99,570-573.99
AFR,143,143,0,711,Arthropathy associated with infections,715.2,Ankylosing spondylitis,710-716.99,"714-716.00, 696-696.99"
AFR,143,143,0,711,Arthropathy associated with infections,715,Other inflammatory spondylopathies,710-716.99,"714-716.00, 696-696.99"
EUR,143,143,0,572,Ascites (non malignant),573.3,Hepatomegaly,570-573.99,570-573.99
EUR,143,143,0,571.8,Liver abscess and sequelae of chronic liver disease,573.3,Hepatomegaly,570-573.99,570-573.99
EUR,143,143,0,801,Fracture of ankle and foot,803.2,Fracture of radius and ulna,800-809.99,800-809.99
EUR,143,143,0,571.81,Portal hypertension,573.3,Hepatomegaly,570-573.99,570-573.99
META,143,143,0,571.81,Portal hypertension,573,Other disorders of liver,570-573.99,570-573.99
META,143,143,0,571.8,Liver abscess and sequelae of chronic liver disease,573.3,Hepatomegaly,570-573.99,570-573.99
META,143,143,0,290,Delirium dementia and amnestic and other cognitive disorders,292,Neurological disorders,290-292.99,290-292.99
META,143,143,0,801,Fracture of ankle and foot,803.2,Fracture of radius and ulna,800-809.99,800-809.99
META,143,143,0,572,Ascites (non malignant),573.3,Hepatomegaly,570-573.99,570-573.99
META,143,143,0,300,"Anxiety, phobic and dissociative disorders",301,Personality disorders,295-306.99,295-306.99
META,143,143,0,571.81,Portal hypertension,573.3,Hepatomegaly,570-573.99,570-573.99
META,143,143,0,571.8,Liver abscess and sequelae of chronic liver disease,573,Other disorders of liver,570-573.99,570-573.99
EUR,142,142,0,694,Dyschromia and Vitiligo,695.3,Rosacea,690-697.99,690-697.99
META,142,141,1,585.34,"Chronic Kidney Disease, Stage IV",587,Kidney replaced by transpant,580-590.99,580-590.99
EUR,141,4,137,250.7,Diabetic retinopathy,364.5,Corneal dystrophy,"250.70-250.79,360-365.99",360-365.99
EUR,141,141,0,395.2,Nonrheumatic aortic valve disorders,396,Abnormal heart sounds,394-399.99,394-399.99
META,141,141,0,694,Dyschromia and Vitiligo,695.3,Rosacea,690-697.99,690-697.99
EUR,140,140,0,700,Corns and callosities,702,Degenerative skin conditions and other dermatoses,700-701.99,700-702.99
META,140,140,0,241.2,Nontoxic multinodular goiter,246.7,Abnormal results of function study of thyroid,240-246.99,240-246.99
META,140,140,0,700,Corns and callosities,702,Degenerative skin conditions and other dermatoses,700-701.99,700-702.99
META,140,140,0,300.1,Anxiety disorder,301,Personality disorders,295-306.99,295-306.99
AFR,139,139,0,580,Nephritis; nephrosis; renal sclerosis,585.34,"Chronic Kidney Disease, Stage IV",580-590.99,580-590.99
META,139,139,0,395.2,Nonrheumatic aortic valve disorders,396,Abnormal heart sounds,394-399.99,394-399.99
EUR,138,138,0,453,Chronic venous hypertension,454.1,Varicose veins of lower extremity,450-457.99,450-457.99
EUR,138,138,0,591,Urinary tract infection,593,Hematuria,590-593.99,590-593.99
EUR,138,138,0,395,Heart valve disorders,396,Abnormal heart sounds,394-399.99,394-399.99
AFR,137,137,0,580,Nephritis; nephrosis; renal sclerosis,585.3,Chronic renal failure [CKD],580-590.99,580-590.99
EUR,137,137,0,290,Delirium dementia and amnestic and other cognitive disorders,292,Neurological disorders,290-292.99,290-292.99
EUR,137,137,0,796,Elevated prostate specific antigen [PSA],601,Inflammatory diseases of prostate,"185-187.99, 796-796.99, 600-602.99","185-187.99, 796-796.99, 600-602.99"
EUR,137,137,0,290.1,Dementias,292,Neurological disorders,290-292.99,290-292.99
META,137,137,0,453,Chronic venous hypertension,454.1,Varicose veins of lower extremity,450-457.99,450-457.99
META,137,12,125,362.2,Degeneration of macula and posterior pole of retina,365,Glaucoma,"250.70-250.79,360-365.99",360-365.99
META,137,137,0,395,Heart valve disorders,396,Abnormal heart sounds,394-399.99,394-399.99
META,137,137,0,580,Nephritis; nephrosis; renal sclerosis,585.3,Chronic renal failure [CKD],580-590.99,580-590.99
EUR,136,136,0,453,Chronic venous hypertension,454.11,"Varicose veins of lower extremity, symptomtic",450-457.99,450-457.99
EUR,136,136,0,453,Chronic venous hypertension,454,Varicose veins,450-457.99,450-457.99
EUR,136,136,0,426.91,Cardiac pacemaker in situ,427.9,Palpitations,426-427.99,426-427.99
EUR,136,136,0,426.9,Cardiac pacemaker/device in situ,427.9,Palpitations,426-427.99,426-427.99
EUR,136,136,0,290.11,Alzheimer's disease,292,Neurological disorders,290-292.99,290-292.99
EUR,135,135,0,426,Cardiac conduction disorders,427.9,Palpitations,426-427.99,426-427.99
META,135,0,135,250.7,Diabetic retinopathy,364.5,Corneal dystrophy,"250.70-250.79,360-365.99",360-365.99
META,135,135,0,453,Chronic venous hypertension,454.11,"Varicose veins of lower extremity, symptomtic",450-457.99,450-457.99
META,135,135,0,453,Chronic venous hypertension,454,Varicose veins,450-457.99,450-457.99
META,135,135,0,351,Other peripheral nerve disorders,355.1,Chronic pain syndrome,351-355.99,351-355.99
EUR,134,134,0,361.2,Retinoschisis and retinal cysts,365.11,Primary open angle glaucoma,360-365.99,360-365.99
META,134,134,0,296.2,Depression,301,Personality disorders,295-306.99,295-306.99
EUR,133,133,0,714.1,Rheumatoid arthritis,716.9,Arthropathy NOS,"714-716.00, 696-696.99",710-716.99
META,133,133,0,295,Schizophrenia and other psychotic disorders,296.2,Depression,295-306.99,295-306.99
META,133,133,0,426.91,Cardiac pacemaker in situ,427.9,Palpitations,426-427.99,426-427.99
META,133,133,0,426.9,Cardiac pacemaker/device in situ,427.9,Palpitations,426-427.99,426-427.99
AFR,132,132,0,580,Nephritis; nephrosis; renal sclerosis,587,Kidney replaced by transpant,580-590.99,580-590.99
META,132,132,0,426,Cardiac conduction disorders,427.9,Palpitations,426-427.99,426-427.99
META,132,132,0,796,Elevated prostate specific antigen [PSA],601,Inflammatory diseases of prostate,"185-187.99, 796-796.99, 600-602.99","185-187.99, 796-796.99, 600-602.99"
META,132,0,132,242.2,Toxic multinodular goiter,244,Hypothyroidism,240-246.99,240-246.99
META,131,131,0,295,Schizophrenia and other psychotic disorders,300,"Anxiety, phobic and dissociative disorders",295-306.99,295-306.99
META,131,131,0,580,Nephritis; nephrosis; renal sclerosis,585.34,"Chronic Kidney Disease, Stage IV",580-590.99,580-590.99
META,131,131,0,295,Schizophrenia and other psychotic disorders,300.1,Anxiety disorder,295-306.99,295-306.99
AFR,130,130,0,711,Arthropathy associated with infections,714,Rheumatoid arthritis and other inflammatory polyarthropathies,710-716.99,"714-716.00, 696-696.99"
EUR,130,130,0,580.31,Nephritis and nephropathy in diseases classified elsewhere,585.33,"Chronic Kidney Disease, Stage III",580-590.99,580-590.99
EUR,130,130,0,580.31,Nephritis and nephropathy in diseases classified elsewhere,585,Renal failure,580-590.99,580-590.99
EUR,130,130,0,580.31,Nephritis and nephropathy in diseases classified elsewhere,585.3,Chronic renal failure [CKD],580-590.99,580-590.99
META,130,130,0,580.31,Nephritis and nephropathy in diseases classified elsewhere,585.33,"Chronic Kidney Disease, Stage III",580-590.99,580-590.99
META,130,130,0,580.31,Nephritis and nephropathy in diseases classified elsewhere,585,Renal failure,580-590.99,580-590.99
META,130,130,0,580.31,Nephritis and nephropathy in diseases classified elsewhere,585.3,Chronic renal failure [CKD],580-590.99,580-590.99
META,130,130,0,361.2,Retinoschisis and retinal cysts,365.11,Primary open angle glaucoma,360-365.99,360-365.99
EUR,129,129,0,296.2,Depression,300.4,Dysthymic disorder,295-306.99,295-306.99
EUR,129,129,0,571.5,Other chronic nonalcoholic liver disease,573.5,Jaundice (not of newborn),570-573.99,570-573.99
EUR,129,129,0,694,Dyschromia and Vitiligo,695,Erythematous conditions,690-697.99,690-697.99
EUR,129,129,0,720.1,Spinal stenosis of lumbar region,722.6,Degeneration of intervertebral disc,720-724.99,720-724.99
META,129,129,0,571.5,Other chronic nonalcoholic liver disease,573.5,Jaundice (not of newborn),570-573.99,570-573.99
META,129,0,129,242.2,Toxic multinodular goiter,244.4,Hypothyroidism NOS,240-246.99,240-246.99
AFR,128,128,0,714.1,Rheumatoid arthritis,715.2,Ankylosing spondylitis,"714-716.00, 696-696.99","714-716.00, 696-696.99"
EUR,128,128,0,700,Corns and callosities,701,Other hypertrophic and atrophic conditions of skin,700-701.99,700-701.99
META,128,128,0,591,Urinary tract infection,593,Hematuria,590-593.99,590-593.99
META,127,127,0,714.1,Rheumatoid arthritis,716,Other arthropathies,"714-716.00, 696-696.99",710-716.99
META,127,127,0,715,Other inflammatory spondylopathies,716,Other arthropathies,"714-716.00, 696-696.99",710-716.99
META,127,127,0,714,Rheumatoid arthritis and other inflammatory polyarthropathies,716,Other arthropathies,"714-716.00, 696-696.99",710-716.99
META,127,127,0,700,Corns and callosities,701,Other hypertrophic and atrophic conditions of skin,700-701.99,700-701.99
META,127,127,0,715.2,Ankylosing spondylitis,716,Other arthropathies,"714-716.00, 696-696.99",710-716.99
META,126,126,0,300.9,Posttraumatic stress disorder,301,Personality disorders,295-306.99,295-306.99
META,126,126,0,711,Arthropathy associated with infections,716,Other arthropathies,710-716.99,710-716.99
AFR,125,9,116,695.42,Systemic lupus erythematosus,697,Sarcoidosis,"690-697.99, 335-335.99",690-697.99
AFR,125,115,10,241.2,Nontoxic multinodular goiter,244,Hypothyroidism,240-246.99,240-246.99
AFR,125,125,0,585,Renal failure,587,Kidney replaced by transpant,580-590.99,580-590.99
EUR,125,125,0,195.1,"Malignant neoplasm, other",199,Neoplasm of uncertain behavior,195-199.99,195-199.99
EUR,125,125,0,426.92,Cardiac defibrillator in situ,427.6,Premature beats,426-427.99,426-427.99
META,125,125,0,694,Dyschromia and Vitiligo,695,Erythematous conditions,690-697.99,690-697.99
AFR,124,124,0,585,Renal failure,588,Disorders resulting from impaired renal function,580-590.99,580-590.99
AFR,124,124,0,714.1,Rheumatoid arthritis,715,Other inflammatory spondylopathies,"714-716.00, 696-696.99","714-716.00, 696-696.99"
EUR,124,124,0,290.11,Alzheimer's disease,292.2,Mild cognitive impairment,290-292.99,290-292.99
EUR,124,124,0,290.1,Dementias,292.2,Mild cognitive impairment,290-292.99,290-292.99
META,124,124,0,426.92,Cardiac defibrillator in situ,427.6,Premature beats,426-427.99,426-427.99
EUR,123,123,0,290,Delirium dementia and amnestic and other cognitive disorders,292.2,Mild cognitive impairment,290-292.99,290-292.99
META,123,123,0,720.1,Spinal stenosis of lumbar region,722.6,Degeneration of intervertebral disc,720-724.99,720-724.99
META,123,11,112,362.21,"Macular degeneration, dry",365,Glaucoma,"250.70-250.79,360-365.99",360-365.99
AFR,122,7,115,697,Sarcoidosis,709,Diffuse diseases of connective tissue,690-697.99,"690-697.99, 708-709.99"
AFR,122,122,0,250.24,Type 2 diabetes with neurological manifestations,251.1,Hypoglycemia,249-250.99,249-259.99
EUR,122,1,121,241,Nontoxic nodular goiter,244.2,Acquired hypothyroidism,240-246.99,240-246.99
META,122,122,0,580,Nephritis; nephrosis; renal sclerosis,585.32,End stage renal disease,580-590.99,580-590.99
META,122,1,121,241.1,Nontoxic uninodular goiter,244.2,Acquired hypothyroidism,240-246.99,240-246.99
META,122,122,0,195.1,"Malignant neoplasm, other",199,Neoplasm of uncertain behavior,195-199.99,195-199.99
AFR,121,121,0,241,Nontoxic nodular goiter,242,Thyrotoxicosis with or without goiter,240-246.99,240-246.99
AFR,121,121,0,585,Renal failure,588.2,Secondary hyperparathyroidism (of renal origin),580-590.99,580-590.99
AFR,121,117,4,241.2,Nontoxic multinodular goiter,244.4,Hypothyroidism NOS,240-246.99,240-246.99
EUR,121,0,121,241.1,Nontoxic uninodular goiter,244.2,Acquired hypothyroidism,240-246.99,240-246.99
META,121,121,0,290.1,Dementias,292.2,Mild cognitive impairment,290-292.99,290-292.99
META,121,121,0,290.11,Alzheimer's disease,292.2,Mild cognitive impairment,290-292.99,290-292.99
META,120,120,0,290,Delirium dementia and amnestic and other cognitive disorders,292.2,Mild cognitive impairment,290-292.99,290-292.99
AFR,119,119,0,580,Nephritis; nephrosis; renal sclerosis,585.2,Renal failure NOS,580-590.99,580-590.99
EUR,119,119,0,280.1,"Iron deficiency anemias, unspecified or not due to blood loss",285.2,Anemia of chronic disease,280-285.99,280-285.99
EUR,119,119,0,280,Iron deficiency anemias,285.21,Anemia in chronic kidney disease,280-285.99,280-285.99
EUR,119,119,0,280,Iron deficiency anemias,285.2,Anemia of chronic disease,280-285.99,280-285.99
META,118,118,0,721,Spondylosis and allied disorders,722.6,Degeneration of intervertebral disc,720-724.99,720-724.99
META,118,118,0,721.1,Spondylosis without myelopathy,722.6,Degeneration of intervertebral disc,720-724.99,720-724.99
AFR,117,117,0,241.2,Nontoxic multinodular goiter,242,Thyrotoxicosis with or without goiter,240-246.99,240-246.99
META,117,2,115,690.1,Seborrheic dermatitis,695.4,Lupus (localized and systemic),690-697.99,"690-697.99, 335-335.99"
META,117,117,0,585.3,Chronic renal failure [CKD],587,Kidney replaced by transpant,580-590.99,580-590.99
META,117,117,0,580,Nephritis; nephrosis; renal sclerosis,588,Disorders resulting from impaired renal function,580-590.99,580-590.99
EUR,116,116,0,241.2,Nontoxic multinodular goiter,246.7,Abnormal results of function study of thyroid,240-246.99,240-246.99
EUR,116,116,0,280.1,"Iron deficiency anemias, unspecified or not due to blood loss",285.21,Anemia in chronic kidney disease,280-285.99,280-285.99
META,116,116,0,296.2,Depression,300.4,Dysthymic disorder,295-306.99,295-306.99
META,116,116,0,580,Nephritis; nephrosis; renal sclerosis,585,Renal failure,580-590.99,580-590.99
AFR,115,115,0,580,Nephritis; nephrosis; renal sclerosis,585.33,"Chronic Kidney Disease, Stage III",580-590.99,580-590.99
EUR,115,115,0,521,Diseases of hard tissues of teeth,525,Other diseases of the teeth and supporting structures,520-526.99,520-526.99
EUR,115,115,0,571.5,Other chronic nonalcoholic liver disease,573.9,Abnormal serum enzyme levels,570-573.99,570-573.99
EUR,115,115,0,426.92,Cardiac defibrillator in situ,427.12,Paroxysmal ventricular tachycardia,426-427.99,426-427.99
EUR,115,115,0,571.51,Cirrhosis of liver without mention of alcohol,573.9,Abnormal serum enzyme levels,570-573.99,570-573.99
EUR,115,115,0,572,Ascites (non malignant),573.9,Abnormal serum enzyme levels,570-573.99,570-573.99
EUR,115,115,0,571.8,Liver abscess and sequelae of chronic liver disease,573.9,Abnormal serum enzyme levels,570-573.99,570-573.99
EUR,115,115,0,571,Chronic liver disease and cirrhosis,573.9,Abnormal serum enzyme levels,570-573.99,570-573.99
META,115,115,0,571.51,Cirrhosis of liver without mention of alcohol,573.9,Abnormal serum enzyme levels,570-573.99,570-573.99
META,115,115,0,572,Ascites (non malignant),573.9,Abnormal serum enzyme levels,570-573.99,570-573.99
META,115,115,0,571.5,Other chronic nonalcoholic liver disease,573.9,Abnormal serum enzyme levels,570-573.99,570-573.99
META,115,115,0,571.8,Liver abscess and sequelae of chronic liver disease,573.9,Abnormal serum enzyme levels,570-573.99,570-573.99
META,115,115,0,571,Chronic liver disease and cirrhosis,573.9,Abnormal serum enzyme levels,570-573.99,570-573.99
EUR,114,114,0,571.81,Portal hypertension,573.9,Abnormal serum enzyme levels,570-573.99,570-573.99
EUR,114,29,85,426.21,First degree AV block,427.22,Atrial flutter,426-427.99,426-427.99
EUR,114,114,0,938,Dermatitis due to solar radiation,939,Atopic/contact dermatitis due to other or unspecified,930-949.99,930-949.99
META,114,114,0,571.81,Portal hypertension,573.9,Abnormal serum enzyme levels,570-573.99,570-573.99
META,114,114,0,585.2,Renal failure NOS,587,Kidney replaced by transpant,580-590.99,580-590.99
META,114,29,85,426.21,First degree AV block,427.22,Atrial flutter,426-427.99,426-427.99
AFR,113,113,0,711,Arthropathy associated with infections,714.1,Rheumatoid arthritis,710-716.99,"714-716.00, 696-696.99"
META,113,4,109,690,Erythematosquamous dermatosis,695.4,Lupus (localized and systemic),690-697.99,"690-697.99, 335-335.99"
META,113,113,0,580,Nephritis; nephrosis; renal sclerosis,585.33,"Chronic Kidney Disease, Stage III",580-590.99,580-590.99
META,112,112,0,580,Nephritis; nephrosis; renal sclerosis,585.31,Renal dialysis,580-590.99,580-590.99
EUR,111,111,0,411,Ischemic Heart Disease,414,Other forms of chronic heart disease,410-414.99,410-414.99
EUR,111,111,0,411.4,Coronary atherosclerosis,414,Other forms of chronic heart disease,410-414.99,410-414.99
EUR,111,111,0,411.2,Myocardial infarction,414,Other forms of chronic heart disease,410-414.99,410-414.99
EUR,111,111,0,411.8,"Other chronic ischemic heart disease, unspecified",414,Other forms of chronic heart disease,410-414.99,410-414.99
EUR,111,111,0,938.2,Chronic dermatitis due to solar radiation,939,Atopic/contact dermatitis due to other or unspecified,930-949.99,930-949.99
META,111,111,0,714.1,Rheumatoid arthritis,716.9,Arthropathy NOS,"714-716.00, 696-696.99",710-716.99
META,111,111,0,411,Ischemic Heart Disease,414,Other forms of chronic heart disease,410-414.99,410-414.99
META,111,111,0,715,Other inflammatory spondylopathies,716.9,Arthropathy NOS,"714-716.00, 696-696.99",710-716.99
META,111,111,0,411.4,Coronary atherosclerosis,414,Other forms of chronic heart disease,410-414.99,410-414.99
META,111,111,0,715.2,Ankylosing spondylitis,716.9,Arthropathy NOS,"714-716.00, 696-696.99",710-716.99
META,111,111,0,411.2,Myocardial infarction,414,Other forms of chronic heart disease,410-414.99,410-414.99
META,111,111,0,580,Nephritis; nephrosis; renal sclerosis,588.2,Secondary hyperparathyroidism (of renal origin),580-590.99,580-590.99
META,111,111,0,714,Rheumatoid arthritis and other inflammatory polyarthropathies,716.9,Arthropathy NOS,"714-716.00, 696-696.99",710-716.99
META,111,111,0,411.8,"Other chronic ischemic heart disease, unspecified",414,Other forms of chronic heart disease,410-414.99,410-414.99
EUR,110,110,0,411.3,Angina pectoris,414,Other forms of chronic heart disease,410-414.99,410-414.99
META,110,110,0,280.1,"Iron deficiency anemias, unspecified or not due to blood loss",285.2,Anemia of chronic disease,280-285.99,280-285.99
META,110,110,0,711,Arthropathy associated with infections,716.9,Arthropathy NOS,710-716.99,710-716.99
META,110,110,0,411.3,Angina pectoris,414,Other forms of chronic heart disease,410-414.99,410-414.99
META,110,110,0,280,Iron deficiency anemias,285.2,Anemia of chronic disease,280-285.99,280-285.99
AFR,109,105,4,240,Simple and unspecified goiter,244,Hypothyroidism,240-246.99,240-246.99
AFR,108,108,0,580,Nephritis; nephrosis; renal sclerosis,585,Renal failure,580-590.99,580-590.99
AFR,108,108,0,241.1,Nontoxic uninodular goiter,242,Thyrotoxicosis with or without goiter,240-246.99,240-246.99
AFR,108,104,4,240,Simple and unspecified goiter,244.4,Hypothyroidism NOS,240-246.99,240-246.99
EUR,108,108,0,580.31,Nephritis and nephropathy in diseases classified elsewhere,585.34,"Chronic Kidney Disease, Stage IV",580-590.99,580-590.99
META,108,108,0,426.92,Cardiac defibrillator in situ,427.12,Paroxysmal ventricular tachycardia,426-427.99,426-427.99
META,108,108,0,290.16,Vascular dementia,292,Neurological disorders,290-292.99,290-292.99
META,108,108,0,280,Iron deficiency anemias,285.21,Anemia in chronic kidney disease,280-285.99,280-285.99
AFR,107,107,0,240,Simple and unspecified goiter,242,Thyrotoxicosis with or without goiter,240-246.99,240-246.99
EUR,107,107,0,580.31,Nephritis and nephropathy in diseases classified elsewhere,585.1,Acute renal failure,580-590.99,580-590.99
META,107,107,0,280.1,"Iron deficiency anemias, unspecified or not due to blood loss",285.21,Anemia in chronic kidney disease,280-285.99,280-285.99
META,107,57,50,694.1,Vitiligo,695.7,Prurigo and Lichen,690-697.99,690-697.99
META,107,0,107,690.1,Seborrheic dermatitis,709,Diffuse diseases of connective tissue,690-697.99,"690-697.99, 708-709.99"
META,107,107,0,580.31,Nephritis and nephropathy in diseases classified elsewhere,585.1,Acute renal failure,580-590.99,580-590.99
EUR,104,104,0,249,Secondary diabetes mellitus,250.13,Type 1 diabetes with ophthalmic manifestations,249-250.99,249-250.99
EUR,103,0,103,727.1,Synovitis and tenosynovitis,728.71,Contracture of palmar fascia [Dupuytren's disease],725-729.99,725-729.99
META,103,0,103,727.1,Synovitis and tenosynovitis,728.71,Contracture of palmar fascia [Dupuytren's disease],725-729.99,725-729.99
META,103,0,103,149,"Cancer of larynx, pharynx, nasal cavities",155.1,"Malignant neoplasm of liver, primary","140-149.99, 210-210.99","140-159.99, 210-211.99"
EUR,102,102,0,521.1,Dental caries,525,Other diseases of the teeth and supporting structures,520-526.99,520-526.99
EUR,102,102,0,475,Chronic sinusitis,476,Allergic rhinitis,470-479.99,470-479.99
META,102,0,102,690,Erythematosquamous dermatosis,709,Diffuse diseases of connective tissue,690-697.99,"690-697.99, 708-709.99"
META,102,102,0,249,Secondary diabetes mellitus,250.13,Type 1 diabetes with ophthalmic manifestations,249-250.99,249-250.99
EUR,101,0,101,244.4,Hypothyroidism NOS,246,Other disorders of thyroid,240-246.99,240-246.99
META,101,101,0,580,Nephritis; nephrosis; renal sclerosis,587,Kidney replaced by transpant,580-590.99,580-590.99
AFR,100,100,0,241,Nontoxic nodular goiter,244.1,Secondary hypothyroidism,240-246.99,240-246.99
EUR,100,96,4,440.21,Atherosclerosis of native arteries of the extremities with ulceration or gangrene,442.1,Aortic aneurysm,440-449.99,440-449.99
EUR,100,100,0,290.16,Vascular dementia,292,Neurological disorders,290-292.99,290-292.99
META,100,96,4,440.21,Atherosclerosis of native arteries of the extremities with ulceration or gangrene,442.1,Aortic aneurysm,440-449.99,440-449.99
META,100,31,69,695.42,Systemic lupus erythematosus,697,Sarcoidosis,"690-697.99, 335-335.99",690-697.99
EUR,99,99,0,411.1,Unstable angina (intermediate coronary syndrome),414,Other forms of chronic heart disease,410-414.99,410-414.99
EUR,99,96,3,440.21,Atherosclerosis of native arteries of the extremities with ulceration or gangrene,442,Other aneurysm,440-449.99,440-449.99
EUR,99,99,0,200.1,Polycythemia vera,289.8,"Polycythemia vera, secondary","200-204.99, 289-289.99","288-289.99, 200-200.99"
EUR,99,99,0,290.16,Vascular dementia,292.2,Mild cognitive impairment,290-292.99,290-292.99
META,99,5,94,695.42,Systemic lupus erythematosus,696,Psoriasis and related disorders,"690-697.99, 335-335.99","690-697.99, 714-714.99"
META,99,5,94,695.42,Systemic lupus erythematosus,696.41,Psoriasis vulgaris,"690-697.99, 335-335.99","690-697.99, 714-714.99"
META,99,5,94,695.42,Systemic lupus erythematosus,696.4,Psoriasis,"690-697.99, 335-335.99","690-697.99, 714-714.99"
META,99,99,0,411.1,Unstable angina (intermediate coronary syndrome),414,Other forms of chronic heart disease,410-414.99,410-414.99
META,99,99,0,200.1,Polycythemia vera,289.8,"Polycythemia vera, secondary","200-204.99, 289-289.99","288-289.99, 200-200.99"
META,99,96,3,440.21,Atherosclerosis of native arteries of the extremities with ulceration or gangrene,442,Other aneurysm,440-449.99,440-449.99
META,99,99,0,290.16,Vascular dementia,292.2,Mild cognitive impairment,290-292.99,290-292.99
AFR,98,98,0,696.4,Psoriasis,715.2,Ankylosing spondylitis,"690-697.99, 714-714.99","714-716.00, 696-696.99"
EUR,98,19,79,250.7,Diabetic retinopathy,362.27,Drusen (degenerative) of retina,"250.70-250.79,360-365.99","250.70-250.79,360-365.99"
META,98,98,0,580,Nephritis; nephrosis; renal sclerosis,585.2,Renal failure NOS,580-590.99,580-590.99
EUR,97,96,1,440.21,Atherosclerosis of native arteries of the extremities with ulceration or gangrene,442.11,Abdominal aortic aneurysm,440-449.99,440-449.99
META,97,96,1,440.21,Atherosclerosis of native arteries of the extremities with ulceration or gangrene,442.11,Abdominal aortic aneurysm,440-449.99,440-449.99
AFR,96,96,0,696.41,Psoriasis vulgaris,715.2,Ankylosing spondylitis,"690-697.99, 714-714.99","714-716.00, 696-696.99"
META,96,2,94,690.1,Seborrheic dermatitis,695.42,Systemic lupus erythematosus,690-697.99,"690-697.99, 335-335.99"
EUR,95,95,0,371.3,Inflammation of eyelids,374.1,Ectropion or entropion,369-374.99,369-374.99
EUR,95,95,0,411.4,Coronary atherosclerosis,414.2,ASCVD,410-414.99,410-414.99
EUR,95,95,0,411,Ischemic Heart Disease,414.2,ASCVD,410-414.99,410-414.99
EUR,95,95,0,411.2,Myocardial infarction,414.2,ASCVD,410-414.99,410-414.99
EUR,95,95,0,411.3,Angina pectoris,414.2,ASCVD,410-414.99,410-414.99
EUR,95,95,0,411.1,Unstable angina (intermediate coronary syndrome),414.2,ASCVD,410-414.99,410-414.99
EUR,95,95,0,440.21,Atherosclerosis of native arteries of the extremities with ulceration or gangrene,442.2,Aneurysm of iliac artery,440-449.99,440-449.99
EUR,95,95,0,411.8,"Other chronic ischemic heart disease, unspecified",414.2,ASCVD,410-414.99,410-414.99
META,95,95,0,411,Ischemic Heart Disease,414.2,ASCVD,410-414.99,410-414.99
META,95,95,0,411.4,Coronary atherosclerosis,414.2,ASCVD,410-414.99,410-414.99
META,95,95,0,411.3,Angina pectoris,414.2,ASCVD,410-414.99,410-414.99
META,95,95,0,411.2,Myocardial infarction,414.2,ASCVD,410-414.99,410-414.99
META,95,95,0,411.8,"Other chronic ischemic heart disease, unspecified",414.2,ASCVD,410-414.99,410-414.99
META,95,95,0,440.21,Atherosclerosis of native arteries of the extremities with ulceration or gangrene,442.2,Aneurysm of iliac artery,440-449.99,440-449.99
META,95,95,0,411.1,Unstable angina (intermediate coronary syndrome),414.2,ASCVD,410-414.99,410-414.99
META,94,94,0,580.3,Nephritis and nephropathy without mention of glomerulonephritis,585.3,Chronic renal failure [CKD],580-590.99,580-590.99
AFR,93,90,3,695.4,Lupus (localized and systemic),709,Diffuse diseases of connective tissue,"690-697.99, 335-335.99","690-697.99, 708-709.99"
EUR,93,93,0,611.3,Lump or mass in breast,612.2,Hypertrophy of breast (Gynecomastia),610-613.99,610-613.99
EUR,93,93,0,611.3,Lump or mass in breast,612,"Breast conditions, congenital or relating to hormones",610-613.99,610-613.99
META,93,93,0,611.3,Lump or mass in breast,612.2,Hypertrophy of breast (Gynecomastia),610-613.99,610-613.99
META,93,93,0,475,Chronic sinusitis,476,Allergic rhinitis,470-479.99,470-479.99
META,93,93,0,611.3,Lump or mass in breast,612,"Breast conditions, congenital or relating to hormones",610-613.99,610-613.99
EUR,92,27,65,110.11,Dermatophytosis of nail,117,Mycoses,110-118.99,110-118.99
META,92,92,0,371.3,Inflammation of eyelids,374.1,Ectropion or entropion,369-374.99,369-374.99
EUR,91,91,0,611,Abnormal findings on mammogram or breast exam,612.2,Hypertrophy of breast (Gynecomastia),610-613.99,610-613.99
EUR,91,91,0,611,Abnormal findings on mammogram or breast exam,612,"Breast conditions, congenital or relating to hormones",610-613.99,610-613.99
META,91,91,0,611,Abnormal findings on mammogram or breast exam,612.2,Hypertrophy of breast (Gynecomastia),610-613.99,610-613.99
META,91,91,0,580.3,Nephritis and nephropathy without mention of glomerulonephritis,585,Renal failure,580-590.99,580-590.99
META,91,91,0,580.3,Nephritis and nephropathy without mention of glomerulonephritis,585.33,"Chronic Kidney Disease, Stage III",580-590.99,580-590.99
META,91,91,0,611,Abnormal findings on mammogram or breast exam,612,"Breast conditions, congenital or relating to hormones",610-613.99,610-613.99
EUR,90,90,0,580.3,Nephritis and nephropathy without mention of glomerulonephritis,585.3,Chronic renal failure [CKD],580-590.99,580-590.99
EUR,90,90,0,580.3,Nephritis and nephropathy without mention of glomerulonephritis,585,Renal failure,580-590.99,580-590.99
EUR,90,90,0,800,Fracture of lower limb,804,Fracture of hand or wrist,800-809.99,800-809.99
EUR,90,90,0,580.3,Nephritis and nephropathy without mention of glomerulonephritis,585.33,"Chronic Kidney Disease, Stage III",580-590.99,580-590.99
EUR,90,90,0,800,Fracture of lower limb,803.2,Fracture of radius and ulna,800-809.99,800-809.99
META,90,2,88,690,Erythematosquamous dermatosis,695.42,Systemic lupus erythematosus,690-697.99,"690-697.99, 335-335.99"
EUR,89,0,89,244,Hypothyroidism,246,Other disorders of thyroid,240-246.99,240-246.99
EUR,89,89,0,296.1,Bipolar,300,"Anxiety, phobic and dissociative disorders",295-306.99,295-306.99
META,89,89,0,585,Renal failure,587,Kidney replaced by transpant,580-590.99,580-590.99
EUR,88,88,0,585,Renal failure,586.2,"Cyst of kidney, acquired",580-590.99,580-590.99
EUR,88,88,0,371,Inflammation of the eye,374.1,Ectropion or entropion,369-374.99,369-374.99
META,88,88,0,296.1,Bipolar,300,"Anxiety, phobic and dissociative disorders",295-306.99,295-306.99
META,88,27,61,110.11,Dermatophytosis of nail,117,Mycoses,110-118.99,110-118.99
EUR,87,85,2,585.3,Chronic renal failure [CKD],586.2,"Cyst of kidney, acquired",580-590.99,580-590.99
META,87,87,0,580.31,Nephritis and nephropathy in diseases classified elsewhere,585.34,"Chronic Kidney Disease, Stage IV",580-590.99,580-590.99
META,87,87,0,585,Renal failure,586.2,"Cyst of kidney, acquired",580-590.99,580-590.99
META,87,87,0,585.33,"Chronic Kidney Disease, Stage III",587,Kidney replaced by transpant,580-590.99,580-590.99
META,87,87,0,371,Inflammation of the eye,374.1,Ectropion or entropion,369-374.99,369-374.99
EUR,86,86,0,442.2,Aneurysm of iliac artery,444.1,Arterial embolism and thrombosis of lower extremity artery,440-449.99,440-449.99
EUR,86,86,0,426.92,Cardiac defibrillator in situ,427.22,Atrial flutter,426-427.99,426-427.99
META,86,85,1,585.3,Chronic renal failure [CKD],586.2,"Cyst of kidney, acquired",580-590.99,580-590.99
META,86,86,0,442.2,Aneurysm of iliac artery,444.1,Arterial embolism and thrombosis of lower extremity artery,440-449.99,440-449.99
EUR,85,85,0,428.1,Congestive heart failure (CHF) NOS,429,Ill-defined descriptions and complications of heart disease,428-429.99,428-429.99
EUR,85,73,12,250.7,Diabetic retinopathy,362.26,Macular puckering of retina,"250.70-250.79,360-365.99","250.70-250.79,360-365.99"
EUR,85,85,0,428,Congestive heart failure; nonhypertensive,429,Ill-defined descriptions and complications of heart disease,428-429.99,428-429.99
META,85,6,79,202.2,Non-Hodgkins lymphoma,204.12,"Lymphoid leukemia, chronic",200-204.99,200-204.99
META,85,85,0,428.1,Congestive heart failure (CHF) NOS,429,Ill-defined descriptions and complications of heart disease,428-429.99,428-429.99
META,85,73,12,250.7,Diabetic retinopathy,362.26,Macular puckering of retina,"250.70-250.79,360-365.99","250.70-250.79,360-365.99"
META,85,85,0,428,Congestive heart failure; nonhypertensive,429,Ill-defined descriptions and complications of heart disease,428-429.99,428-429.99
AFR,84,84,0,571.5,Other chronic nonalcoholic liver disease,573.7,Abnormal results of function study of liver,570-573.99,570-573.99
AFR,84,84,0,571,Chronic liver disease and cirrhosis,573.7,Abnormal results of function study of liver,570-573.99,570-573.99
EUR,84,84,0,290.1,Dementias,292.3,Memory loss,290-292.99,290-292.99
EUR,84,84,0,290.11,Alzheimer's disease,292.3,Memory loss,290-292.99,290-292.99
EUR,84,84,0,426.31,Right bundle branch block,427.7,Tachycardia NOS,426-427.99,426-427.99
EUR,84,84,0,290,Delirium dementia and amnestic and other cognitive disorders,292.3,Memory loss,290-292.99,290-292.99
META,84,84,0,800,Fracture of lower limb,804,Fracture of hand or wrist,800-809.99,800-809.99
META,84,84,0,800,Fracture of lower limb,803.2,Fracture of radius and ulna,800-809.99,800-809.99
EUR,83,83,0,295,Schizophrenia and other psychotic disorders,296.1,Bipolar,295-306.99,295-306.99
EUR,83,0,83,377,Disorders of optic nerve and visual pathways,379.2,Disorders of vitreous body,375-379.99,375-379.99
EUR,83,83,0,585,Renal failure,588,Disorders resulting from impaired renal function,580-590.99,580-590.99
EUR,83,0,83,377.3,Optic neuritis/neuropathy,379.2,Disorders of vitreous body,375-379.99,375-379.99
EUR,83,83,0,585.3,Chronic renal failure [CKD],588,Disorders resulting from impaired renal function,580-590.99,580-590.99
META,83,83,0,290.11,Alzheimer's disease,292.3,Memory loss,290-292.99,290-292.99
META,83,83,0,290,Delirium dementia and amnestic and other cognitive disorders,292.3,Memory loss,290-292.99,290-292.99
META,83,83,0,290.1,Dementias,292.3,Memory loss,290-292.99,290-292.99
META,83,83,0,426.92,Cardiac defibrillator in situ,427.22,Atrial flutter,426-427.99,426-427.99
EUR,82,82,0,585.33,"Chronic Kidney Disease, Stage III",588,Disorders resulting from impaired renal function,580-590.99,580-590.99
EUR,82,82,0,800,Fracture of lower limb,803,Fracture of upper limb,800-809.99,800-809.99
EUR,81,81,0,442.2,Aneurysm of iliac artery,444,Arterial embolism and thrombosis,440-449.99,440-449.99
EUR,81,81,0,296,Mood disorders,300.4,Dysthymic disorder,295-306.99,295-306.99
EUR,81,81,0,585.33,"Chronic Kidney Disease, Stage III",586.2,"Cyst of kidney, acquired",580-590.99,580-590.99
META,81,81,0,442.2,Aneurysm of iliac artery,444,Arterial embolism and thrombosis,440-449.99,440-449.99
META,81,0,81,362.29,Macular degeneration (senile) of retina NOS,365,Glaucoma,"250.70-250.79,360-365.99",360-365.99
META,81,81,0,585.33,"Chronic Kidney Disease, Stage III",586.2,"Cyst of kidney, acquired",580-590.99,580-590.99
AFR,80,78,2,695.42,Systemic lupus erythematosus,709,Diffuse diseases of connective tissue,"690-697.99, 335-335.99","690-697.99, 708-709.99"
EUR,80,80,0,290.16,Vascular dementia,292.3,Memory loss,290-292.99,290-292.99
EUR,80,0,80,145,Cancer of mouth,155.1,"Malignant neoplasm of liver, primary","140-149.99, 210-210.99","140-159.99, 210-211.99"
META,80,0,80,145,Cancer of mouth,155.1,"Malignant neoplasm of liver, primary","140-149.99, 210-210.99","140-159.99, 210-211.99"
META,79,79,0,290.16,Vascular dementia,292.3,Memory loss,290-292.99,290-292.99
META,79,79,0,242,Thyrotoxicosis with or without goiter,244.1,Secondary hypothyroidism,240-246.99,240-246.99
META,79,79,0,695.4,Lupus (localized and systemic),709,Diffuse diseases of connective tissue,"690-697.99, 335-335.99","690-697.99, 708-709.99"
EUR,78,78,0,426.9,Cardiac pacemaker/device in situ,427.3,Other specified cardiac dysrhythmias,426-427.99,426-427.99
META,78,78,0,426.9,Cardiac pacemaker/device in situ,427.3,Other specified cardiac dysrhythmias,426-427.99,426-427.99
EUR,77,57,20,426.31,Right bundle branch block,427.21,Atrial fibrillation,426-427.99,426-427.99
AFR,76,76,0,696.4,Psoriasis,714.1,Rheumatoid arthritis,"690-697.99, 714-714.99","714-716.00, 696-696.99"
EUR,76,9,67,362.2,Degeneration of macula and posterior pole of retina,365.1,Open-angle glaucoma,"250.70-250.79,360-365.99",360-365.99
EUR,76,76,0,594.1,Calculus of kidney,595,Hydronephrosis,594-595.99,594-595.99
EUR,76,76,0,594,Urinary calculus,595,Hydronephrosis,594-595.99,594-595.99
EUR,76,76,0,594.3,Calculus of ureter,595,Hydronephrosis,594-595.99,594-595.99
META,76,76,0,594,Urinary calculus,595,Hydronephrosis,594-595.99,594-595.99
META,76,76,0,594.1,Calculus of kidney,595,Hydronephrosis,594-595.99,594-595.99
META,76,76,0,594.3,Calculus of ureter,595,Hydronephrosis,594-595.99,594-595.99
EUR,75,75,0,296.22,Major depressive disorder,300.4,Dysthymic disorder,295-306.99,295-306.99
EUR,75,75,0,440.21,Atherosclerosis of native arteries of the extremities with ulceration or gangrene,444.1,Arterial embolism and thrombosis of lower extremity artery,440-449.99,440-449.99
EUR,75,55,20,426.31,Right bundle branch block,427.2,Atrial fibrillation and flutter,426-427.99,426-427.99
EUR,75,63,12,727.1,Synovitis and tenosynovitis,728.7,Fasciitis,725-729.99,725-729.99
META,75,75,0,800,Fracture of lower limb,803,Fracture of upper limb,800-809.99,800-809.99
EUR,74,74,0,428.3,Heart failure with reduced EF [Systolic or combined heart failure],429,Ill-defined descriptions and complications of heart disease,428-429.99,428-429.99
EUR,74,74,0,585.1,Acute renal failure,588.2,Secondary hyperparathyroidism (of renal origin),580-590.99,580-590.99
EUR,74,74,0,585,Renal failure,588.2,Secondary hyperparathyroidism (of renal origin),580-590.99,580-590.99
EUR,74,74,0,585.3,Chronic renal failure [CKD],588.2,Secondary hyperparathyroidism (of renal origin),580-590.99,580-590.99
EUR,74,74,0,585.33,"Chronic Kidney Disease, Stage III",588.2,Secondary hyperparathyroidism (of renal origin),580-590.99,580-590.99
META,74,74,0,428.3,Heart failure with reduced EF [Systolic or combined heart failure],429,Ill-defined descriptions and complications of heart disease,428-429.99,428-429.99
META,74,74,0,585.1,Acute renal failure,588.2,Secondary hyperparathyroidism (of renal origin),580-590.99,580-590.99
META,74,74,0,580.3,Nephritis and nephropathy without mention of glomerulonephritis,585.34,"Chronic Kidney Disease, Stage IV",580-590.99,580-590.99
META,74,74,0,695.42,Systemic lupus erythematosus,709,Diffuse diseases of connective tissue,"690-697.99, 335-335.99","690-697.99, 708-709.99"
EUR,73,0,73,242.2,Toxic multinodular goiter,244.2,Acquired hypothyroidism,240-246.99,240-246.99
EUR,73,73,0,585.1,Acute renal failure,588,Disorders resulting from impaired renal function,580-590.99,580-590.99
META,73,73,0,440.21,Atherosclerosis of native arteries of the extremities with ulceration or gangrene,444.1,Arterial embolism and thrombosis of lower extremity artery,440-449.99,440-449.99
META,73,73,0,241,Nontoxic nodular goiter,246.7,Abnormal results of function study of thyroid,240-246.99,240-246.99
AFR,72,72,0,696.4,Psoriasis,715,Other inflammatory spondylopathies,"690-697.99, 714-714.99","714-716.00, 696-696.99"
EUR,72,72,0,726,Peripheral enthesopathies and allied syndromes,727,"Other disorders of synovium, tendon, and bursa",725-729.99,725-729.99
META,72,72,0,585.1,Acute renal failure,588,Disorders resulting from impaired renal function,580-590.99,580-590.99
EUR,71,71,0,295,Schizophrenia and other psychotic disorders,296.22,Major depressive disorder,295-306.99,295-306.99
META,71,0,71,377,Disorders of optic nerve and visual pathways,379.2,Disorders of vitreous body,375-379.99,375-379.99
META,71,71,0,938,Dermatitis due to solar radiation,939,Atopic/contact dermatitis due to other or unspecified,930-949.99,930-949.99
META,71,0,71,377.3,Optic neuritis/neuropathy,379.2,Disorders of vitreous body,375-379.99,375-379.99
EUR,70,70,0,440.21,Atherosclerosis of native arteries of the extremities with ulceration or gangrene,444,Arterial embolism and thrombosis,440-449.99,440-449.99
EUR,70,0,70,727,"Other disorders of synovium, tendon, and bursa",728.71,Contracture of palmar fascia [Dupuytren's disease],725-729.99,725-729.99
EUR,70,70,0,580.3,Nephritis and nephropathy without mention of glomerulonephritis,585.34,"Chronic Kidney Disease, Stage IV",580-590.99,580-590.99
EUR,70,70,0,335,Multiple sclerosis,344,Other paralytic syndromes,"330-337.99, 341-349.99","330-337.99, 341-349.99"
META,70,70,0,440.21,Atherosclerosis of native arteries of the extremities with ulceration or gangrene,444,Arterial embolism and thrombosis,440-449.99,440-449.99
META,70,0,70,727,"Other disorders of synovium, tendon, and bursa",728.71,Contracture of palmar fascia [Dupuytren's disease],725-729.99,725-729.99
META,70,4,66,695.42,Systemic lupus erythematosus,696.42,Psoriatic arthropathy,"690-697.99, 335-335.99","690-697.99, 714-714.99"
EUR,69,9,60,362.21,"Macular degeneration, dry",365.1,Open-angle glaucoma,"250.70-250.79,360-365.99",360-365.99
AFR,68,68,0,241.2,Nontoxic multinodular goiter,244.1,Secondary hypothyroidism,240-246.99,240-246.99
AFR,68,68,0,571.51,Cirrhosis of liver without mention of alcohol,573.7,Abnormal results of function study of liver,570-573.99,570-573.99
EUR,68,68,0,452,Other venous embolism and thrombosis,454.1,Varicose veins of lower extremity,450-457.99,450-457.99
EUR,68,68,0,452.2,Deep vein thrombosis [DVT],454.1,Varicose veins of lower extremity,450-457.99,450-457.99
META,68,68,0,296,Mood disorders,300.4,Dysthymic disorder,295-306.99,295-306.99
META,68,6,62,202,"Cancer of other lymphoid, histiocytic tissue",204.12,"Lymphoid leukemia, chronic",200-204.99,200-204.99
META,68,68,0,938.2,Chronic dermatitis due to solar radiation,939,Atopic/contact dermatitis due to other or unspecified,930-949.99,930-949.99
META,67,67,0,295,Schizophrenia and other psychotic disorders,296.22,Major depressive disorder,295-306.99,295-306.99
META,67,67,0,426.31,Right bundle branch block,427.7,Tachycardia NOS,426-427.99,426-427.99
AFR,66,66,0,696.41,Psoriasis vulgaris,715,Other inflammatory spondylopathies,"690-697.99, 714-714.99","714-716.00, 696-696.99"
EUR,66,63,3,426.31,Right bundle branch block,427,Cardiac dysrhythmias,426-427.99,426-427.99
EUR,66,66,0,495.1,Chronic obstructive asthma,496.21,Obstructive chronic bronchitis,490-498.99,490-498.99
EUR,66,66,0,495.11,Chronic obstructive asthma with exacerbation,496,Chronic airway obstruction,490-498.99,490-498.99
META,66,66,0,495.1,Chronic obstructive asthma,496.21,Obstructive chronic bronchitis,490-498.99,490-498.99
META,66,66,0,495.11,Chronic obstructive asthma with exacerbation,496,Chronic airway obstruction,490-498.99,490-498.99
META,66,66,0,452,Other venous embolism and thrombosis,454.1,Varicose veins of lower extremity,450-457.99,450-457.99
META,66,66,0,452.2,Deep vein thrombosis [DVT],454.1,Varicose veins of lower extremity,450-457.99,450-457.99
AFR,65,55,10,241,Nontoxic nodular goiter,244,Hypothyroidism,240-246.99,240-246.99
EUR,65,65,0,241.2,Nontoxic multinodular goiter,245,Thyroiditis,240-246.99,240-246.99
EUR,65,1,64,694.1,Vitiligo,695,Erythematous conditions,690-697.99,690-697.99
EUR,65,15,50,362.2,Degeneration of macula and posterior pole of retina,365.11,Primary open angle glaucoma,"250.70-250.79,360-365.99",360-365.99
EUR,65,65,0,451,Phlebitis and thrombophlebitis,454.1,Varicose veins of lower extremity,450-457.99,450-457.99
EUR,65,15,50,361.2,Retinoschisis and retinal cysts,362.29,Macular degeneration (senile) of retina NOS,360-365.99,"250.70-250.79,360-365.99"
META,65,0,65,242.2,Toxic multinodular goiter,244.2,Acquired hypothyroidism,240-246.99,240-246.99
META,65,65,0,241.2,Nontoxic multinodular goiter,245,Thyroiditis,240-246.99,240-246.99
META,65,15,50,361.2,Retinoschisis and retinal cysts,362.29,Macular degeneration (senile) of retina NOS,360-365.99,"250.70-250.79,360-365.99"
AFR,64,64,0,696.4,Psoriasis,714,Rheumatoid arthritis and other inflammatory polyarthropathies,"690-697.99, 714-714.99","714-716.00, 696-696.99"
EUR,64,64,0,451.2,Phlebitis and thrombophlebitis of lower extremities,454.1,Varicose veins of lower extremity,450-457.99,450-457.99
META,64,44,20,426.31,Right bundle branch block,427.2,Atrial fibrillation and flutter,426-427.99,426-427.99
EUR,63,63,0,428.1,Congestive heart failure (CHF) NOS,429.1,Heart transplant/surgery,428-429.99,428-429.99
EUR,63,63,0,428.3,Heart failure with reduced EF [Systolic or combined heart failure],429.1,Heart transplant/surgery,428-429.99,428-429.99
EUR,63,63,0,428,Congestive heart failure; nonhypertensive,429.1,Heart transplant/surgery,428-429.99,428-429.99
EUR,63,63,0,591,Urinary tract infection,593.1,Gross hematuria,590-593.99,590-593.99
META,63,63,0,428.1,Congestive heart failure (CHF) NOS,429.1,Heart transplant/surgery,428-429.99,428-429.99
META,63,43,20,426.31,Right bundle branch block,427.21,Atrial fibrillation,426-427.99,426-427.99
META,63,63,0,428.3,Heart failure with reduced EF [Systolic or combined heart failure],429.1,Heart transplant/surgery,428-429.99,428-429.99
META,63,63,0,451,Phlebitis and thrombophlebitis,454.1,Varicose veins of lower extremity,450-457.99,450-457.99
META,63,63,0,428,Congestive heart failure; nonhypertensive,429.1,Heart transplant/surgery,428-429.99,428-429.99
EUR,62,0,62,362.2,Degeneration of macula and posterior pole of retina,365.2,Primary angle-closure glaucoma,"250.70-250.79,360-365.99",360-365.99
EUR,62,62,0,801,Fracture of ankle and foot,803,Fracture of upper limb,800-809.99,800-809.99
META,62,9,53,697,Sarcoidosis,709,Diffuse diseases of connective tissue,690-697.99,"690-697.99, 708-709.99"
META,62,62,0,296.22,Major depressive disorder,300.4,Dysthymic disorder,295-306.99,295-306.99
META,62,62,0,801,Fracture of ankle and foot,803,Fracture of upper limb,800-809.99,800-809.99
META,62,62,0,591,Urinary tract infection,593.1,Gross hematuria,590-593.99,590-593.99
AFR,61,61,0,696.42,Psoriatic arthropathy,715.2,Ankylosing spondylitis,"690-697.99, 714-714.99","714-716.00, 696-696.99"
EUR,61,61,0,495.1,Chronic obstructive asthma,496.2,Chronic bronchitis,490-498.99,490-498.99
META,61,61,0,495.1,Chronic obstructive asthma,496.2,Chronic bronchitis,490-498.99,490-498.99
META,61,61,0,580.3,Nephritis and nephropathy without mention of glomerulonephritis,585.32,End stage renal disease,580-590.99,580-590.99
AFR,60,3,57,695.7,Prurigo and Lichen,709,Diffuse diseases of connective tissue,690-697.99,"690-697.99, 708-709.99"
EUR,60,0,60,377.1,Optic atrophy,379.2,Disorders of vitreous body,375-379.99,375-379.99
META,60,60,0,521,Diseases of hard tissues of teeth,525,Other diseases of the teeth and supporting structures,520-526.99,520-526.99
AFR,59,59,0,250.6,Polyneuropathy in diabetes,251.1,Hypoglycemia,249-250.99,249-259.99
AFR,59,40,19,696.4,Psoriasis,697,Sarcoidosis,"690-697.99, 714-714.99",690-697.99
AFR,59,55,4,241,Nontoxic nodular goiter,244.4,Hypothyroidism NOS,240-246.99,240-246.99
EUR,59,59,0,452.2,Deep vein thrombosis [DVT],454,Varicose veins,450-457.99,450-457.99
EUR,59,59,0,371.3,Inflammation of eyelids,374,Other disorders of eyelids,369-374.99,369-374.99
EUR,59,59,0,452,Other venous embolism and thrombosis,454,Varicose veins,450-457.99,450-457.99
EUR,59,59,0,281.9,Deficiency anemias,285,Other anemias,280-285.99,280-285.99
AFR,58,58,0,696.42,Psoriatic arthropathy,715,Other inflammatory spondylopathies,"690-697.99, 714-714.99","714-716.00, 696-696.99"
AFR,58,58,0,690.1,Seborrheic dermatitis,697,Sarcoidosis,690-697.99,690-697.99
AFR,58,40,18,696.41,Psoriasis vulgaris,697,Sarcoidosis,"690-697.99, 714-714.99",690-697.99
EUR,58,58,0,585.34,"Chronic Kidney Disease, Stage IV",588,Disorders resulting from impaired renal function,580-590.99,580-590.99
META,58,58,0,452.2,Deep vein thrombosis [DVT],454,Varicose veins,450-457.99,450-457.99
META,58,58,0,452,Other venous embolism and thrombosis,454,Varicose veins,450-457.99,450-457.99
META,58,58,0,451.2,Phlebitis and thrombophlebitis of lower extremities,454.1,Varicose veins of lower extremity,450-457.99,450-457.99
META,58,54,4,727.1,Synovitis and tenosynovitis,728.7,Fasciitis,725-729.99,725-729.99
AFR,57,57,0,690,Erythematosquamous dermatosis,697,Sarcoidosis,690-697.99,690-697.99
EUR,57,57,0,395.6,Heart valve replaced,396,Abnormal heart sounds,394-399.99,394-399.99
EUR,57,57,0,371,Inflammation of the eye,374,Other disorders of eyelids,369-374.99,369-374.99
EUR,57,0,57,362.29,Macular degeneration (senile) of retina NOS,365.2,Primary angle-closure glaucoma,"250.70-250.79,360-365.99",360-365.99
EUR,57,57,0,290.3,Other persistent mental disorders due to conditions classified elsewhere,292,Neurological disorders,290-292.99,290-292.99
EUR,57,57,0,290.3,Other persistent mental disorders due to conditions classified elsewhere,292.2,Mild cognitive impairment,290-292.99,290-292.99
META,57,57,0,290.3,Other persistent mental disorders due to conditions classified elsewhere,292,Neurological disorders,290-292.99,290-292.99
META,57,57,0,290.3,Other persistent mental disorders due to conditions classified elsewhere,292.2,Mild cognitive impairment,290-292.99,290-292.99
META,57,57,0,241,Nontoxic nodular goiter,245,Thyroiditis,240-246.99,240-246.99
EUR,56,56,0,290.3,Other persistent mental disorders due to conditions classified elsewhere,292.3,Memory loss,290-292.99,290-292.99
EUR,56,56,0,451.2,Phlebitis and thrombophlebitis of lower extremities,454,Varicose veins,450-457.99,450-457.99
EUR,56,14,42,362.21,"Macular degeneration, dry",365.11,Primary open angle glaucoma,"250.70-250.79,360-365.99",360-365.99
EUR,56,56,0,451,Phlebitis and thrombophlebitis,454,Varicose veins,450-457.99,450-457.99
META,56,56,0,290.3,Other persistent mental disorders due to conditions classified elsewhere,292.3,Memory loss,290-292.99,290-292.99
META,56,56,0,295,Schizophrenia and other psychotic disorders,296.1,Bipolar,295-306.99,295-306.99
META,56,53,3,426.31,Right bundle branch block,427,Cardiac dysrhythmias,426-427.99,426-427.99
META,56,6,50,202.2,Non-Hodgkins lymphoma,204.1,Lymphoid leukemia,200-204.99,200-204.99
META,56,56,0,395.6,Heart valve replaced,396,Abnormal heart sounds,394-399.99,394-399.99
EUR,55,55,0,458,Hypotension,459.7,Blood vessel replaced,458-459.99,458-459.99
EUR,55,29,26,426.3,Bundle branch block,427.22,Atrial flutter,426-427.99,426-427.99
EUR,55,53,2,250.7,Diabetic retinopathy,365.11,Primary open angle glaucoma,"250.70-250.79,360-365.99",360-365.99
EUR,55,55,0,458,Hypotension,459,Other disorders of circulatory system,458-459.99,458-459.99
EUR,55,55,0,530.11,GERD,532,Dysphagia,"530-530.99, 532-532.99","530-530.99, 532-532.99"
EUR,55,55,0,290.12,Dementia with cerebral degenerations,292.2,Mild cognitive impairment,290-292.99,290-292.99
EUR,55,55,0,290.12,Dementia with cerebral degenerations,292,Neurological disorders,290-292.99,290-292.99
META,55,55,0,281.9,Deficiency anemias,285,Other anemias,280-285.99,280-285.99
META,55,55,0,530.11,GERD,532,Dysphagia,"530-530.99, 532-532.99","530-530.99, 532-532.99"
META,55,55,0,451,Phlebitis and thrombophlebitis,454,Varicose veins,450-457.99,450-457.99
META,55,55,0,290.12,Dementia with cerebral degenerations,292.2,Mild cognitive impairment,290-292.99,290-292.99
META,55,55,0,290.12,Dementia with cerebral degenerations,292,Neurological disorders,290-292.99,290-292.99
AFR,54,54,0,580.1,Glomerulonephritis,585.32,End stage renal disease,580-590.99,580-590.99
AFR,54,54,0,696,Psoriasis and related disorders,715.2,Ankylosing spondylitis,"690-697.99, 714-714.99","714-716.00, 696-696.99"
EUR,54,54,0,290.12,Dementia with cerebral degenerations,292.3,Memory loss,290-292.99,290-292.99
META,54,28,26,426.3,Bundle branch block,427.22,Atrial flutter,426-427.99,426-427.99
META,54,54,0,290.12,Dementia with cerebral degenerations,292.3,Memory loss,290-292.99,290-292.99
META,54,0,54,695.7,Prurigo and Lichen,709,Diffuse diseases of connective tissue,690-697.99,"690-697.99, 708-709.99"
EUR,53,1,52,695.42,Systemic lupus erythematosus,696,Psoriasis and related disorders,"690-697.99, 335-335.99","690-697.99, 714-714.99"
EUR,53,53,0,195,"Cancer, suspected or other",199,Neoplasm of uncertain behavior,195-199.99,195-199.99
EUR,53,1,52,695.42,Systemic lupus erythematosus,696.41,Psoriasis vulgaris,"690-697.99, 335-335.99","690-697.99, 714-714.99"
EUR,53,53,0,530,Diseases of esophagus,532,Dysphagia,"530-530.99, 532-532.99","530-530.99, 532-532.99"
EUR,53,1,52,695.42,Systemic lupus erythematosus,696.4,Psoriasis,"690-697.99, 335-335.99","690-697.99, 714-714.99"
META,53,53,0,195,"Cancer, suspected or other",199,Neoplasm of uncertain behavior,195-199.99,195-199.99
META,53,53,0,530,Diseases of esophagus,532,Dysphagia,"530-530.99, 532-532.99","530-530.99, 532-532.99"
META,53,53,0,335,Multiple sclerosis,344,Other paralytic syndromes,"330-337.99, 341-349.99","330-337.99, 341-349.99"
EUR,52,52,0,451,Phlebitis and thrombophlebitis,453,Chronic venous hypertension,450-457.99,450-457.99
EUR,52,52,0,580,Nephritis; nephrosis; renal sclerosis,585.34,"Chronic Kidney Disease, Stage IV",580-590.99,580-590.99
EUR,52,52,0,295.1,Schizophrenia,296.1,Bipolar,295-306.99,295-306.99
EUR,52,0,52,471,Nasal polyps,477,Epistaxis or throat hemorrhage,470-479.99,470-479.99
EUR,52,52,0,580,Nephritis; nephrosis; renal sclerosis,585.33,"Chronic Kidney Disease, Stage III",580-590.99,580-590.99
EUR,52,52,0,452,Other venous embolism and thrombosis,453,Chronic venous hypertension,450-457.99,450-457.99
EUR,52,52,0,580,Nephritis; nephrosis; renal sclerosis,585,Renal failure,580-590.99,580-590.99
EUR,52,52,0,580,Nephritis; nephrosis; renal sclerosis,585.3,Chronic renal failure [CKD],580-590.99,580-590.99
EUR,52,52,0,451.2,Phlebitis and thrombophlebitis of lower extremities,453,Chronic venous hypertension,450-457.99,450-457.99
EUR,52,52,0,452.2,Deep vein thrombosis [DVT],453,Chronic venous hypertension,450-457.99,450-457.99
META,52,0,52,362.2,Degeneration of macula and posterior pole of retina,365.2,Primary angle-closure glaucoma,"250.70-250.79,360-365.99",360-365.99
META,52,0,52,471,Nasal polyps,477,Epistaxis or throat hemorrhage,470-479.99,470-479.99
EUR,51,51,0,250.7,Diabetic retinopathy,362.9,Retinal edema,"250.70-250.79,360-365.99","250.70-250.79,360-365.99"
EUR,51,51,0,452,Other venous embolism and thrombosis,454.11,"Varicose veins of lower extremity, symptomtic",450-457.99,450-457.99
EUR,51,12,39,362,Other retinal disorders,365,Glaucoma,"250.70-250.79,360-365.99",360-365.99
EUR,51,51,0,601.1,Prostatitis,185,Cancer of prostate,"185-187.99, 796-796.99, 600-602.99","185-187.99, 796-796.99, 600-602.99"
META,51,51,0,250.7,Diabetic retinopathy,362.9,Retinal edema,"250.70-250.79,360-365.99","250.70-250.79,360-365.99"
META,51,51,0,451,Phlebitis and thrombophlebitis,453,Chronic venous hypertension,450-457.99,450-457.99
META,51,51,0,452,Other venous embolism and thrombosis,453,Chronic venous hypertension,450-457.99,450-457.99
META,51,51,0,458,Hypotension,459,Other disorders of circulatory system,458-459.99,458-459.99
META,51,51,0,452.2,Deep vein thrombosis [DVT],453,Chronic venous hypertension,450-457.99,450-457.99
EUR,50,50,0,585.34,"Chronic Kidney Disease, Stage IV",588.2,Secondary hyperparathyroidism (of renal origin),580-590.99,580-590.99
EUR,50,50,0,451,Phlebitis and thrombophlebitis,454.11,"Varicose veins of lower extremity, symptomtic",450-457.99,450-457.99
EUR,50,50,0,452.2,Deep vein thrombosis [DVT],454.11,"Varicose veins of lower extremity, symptomtic",450-457.99,450-457.99
EUR,50,50,0,451.2,Phlebitis and thrombophlebitis of lower extremities,454.11,"Varicose veins of lower extremity, symptomtic",450-457.99,450-457.99
META,50,50,0,458,Hypotension,459.7,Blood vessel replaced,458-459.99,458-459.99
META,50,50,0,451.2,Phlebitis and thrombophlebitis of lower extremities,454,Varicose veins,450-457.99,450-457.99
META,50,50,0,452,Other venous embolism and thrombosis,454.11,"Varicose veins of lower extremity, symptomtic",450-457.99,450-457.99
META,50,50,0,601.1,Prostatitis,185,Cancer of prostate,"185-187.99, 796-796.99, 600-602.99","185-187.99, 796-796.99, 600-602.99"
AFR,49,49,0,696.42,Psoriatic arthropathy,714,Rheumatoid arthritis and other inflammatory polyarthropathies,"690-697.99, 714-714.99","714-716.00, 696-696.99"
AFR,49,49,0,580.1,Glomerulonephritis,588,Disorders resulting from impaired renal function,580-590.99,580-590.99
AFR,49,49,0,580.1,Glomerulonephritis,585.31,Renal dialysis,580-590.99,580-590.99
AFR,49,49,0,580.1,Glomerulonephritis,588.2,Secondary hyperparathyroidism (of renal origin),580-590.99,580-590.99
AFR,49,49,0,580.12,Non-proliferative glomerulonephritis,585.34,"Chronic Kidney Disease, Stage IV",580-590.99,580-590.99
AFR,49,49,0,580.1,Glomerulonephritis,585.34,"Chronic Kidney Disease, Stage IV",580-590.99,580-590.99
AFR,49,49,0,580.12,Non-proliferative glomerulonephritis,585.32,End stage renal disease,580-590.99,580-590.99
EUR,49,49,0,249,Secondary diabetes mellitus,250.14,Type 1 diabetes with neurological manifestations,249-250.99,249-250.99
EUR,49,49,0,296.1,Bipolar,300.1,Anxiety disorder,295-306.99,295-306.99
EUR,49,49,0,580,Nephritis; nephrosis; renal sclerosis,585.1,Acute renal failure,580-590.99,580-590.99
META,49,49,0,521.1,Dental caries,525,Other diseases of the teeth and supporting structures,520-526.99,520-526.99
META,49,49,0,290.16,Vascular dementia,292.4,Altered mental status,290-292.99,290-292.99
META,49,49,0,290.1,Dementias,292.4,Altered mental status,290-292.99,290-292.99
META,49,49,0,451,Phlebitis and thrombophlebitis,454.11,"Varicose veins of lower extremity, symptomtic",450-457.99,450-457.99
META,49,49,0,290,Delirium dementia and amnestic and other cognitive disorders,292.4,Altered mental status,290-292.99,290-292.99
META,49,0,49,362.29,Macular degeneration (senile) of retina NOS,365.2,Primary angle-closure glaucoma,"250.70-250.79,360-365.99",360-365.99
META,49,49,0,290.11,Alzheimer's disease,292.4,Altered mental status,290-292.99,290-292.99
META,49,49,0,296.1,Bipolar,300.1,Anxiety disorder,295-306.99,295-306.99
META,49,49,0,452.2,Deep vein thrombosis [DVT],454.11,"Varicose veins of lower extremity, symptomtic",450-457.99,450-457.99
AFR,48,48,0,796,Elevated prostate specific antigen [PSA],600,Hyperplasia of prostate,"185-187.99, 796-796.99, 600-602.99","185-187.99, 796-796.99, 600-602.99"
AFR,48,48,0,580.12,Non-proliferative glomerulonephritis,585.31,Renal dialysis,580-590.99,580-590.99
AFR,48,48,0,580.12,Non-proliferative glomerulonephritis,588.2,Secondary hyperparathyroidism (of renal origin),580-590.99,580-590.99
AFR,48,48,0,580.12,Non-proliferative glomerulonephritis,588,Disorders resulting from impaired renal function,580-590.99,580-590.99
EUR,48,48,0,290.16,Vascular dementia,292.4,Altered mental status,290-292.99,290-292.99
EUR,48,15,33,362.22,"Macular degeneration, wet",365,Glaucoma,"250.70-250.79,360-365.99",360-365.99
EUR,48,48,0,290.1,Dementias,292.4,Altered mental status,290-292.99,290-292.99
EUR,48,48,0,290.11,Alzheimer's disease,292.4,Altered mental status,290-292.99,290-292.99
EUR,48,2,46,426.3,Bundle branch block,427.2,Atrial fibrillation and flutter,426-427.99,426-427.99
EUR,48,48,0,296.2,Depression,300.11,Generalized anxiety disorder,295-306.99,295-306.99
EUR,48,48,0,290,Delirium dementia and amnestic and other cognitive disorders,292.4,Altered mental status,290-292.99,290-292.99
EUR,48,0,48,364.41,Keratoconus,365,Glaucoma,360-365.99,360-365.99
AFR,47,47,0,580.12,Non-proliferative glomerulonephritis,587,Kidney replaced by transpant,580-590.99,580-590.99
AFR,47,47,0,580.1,Glomerulonephritis,585.3,Chronic renal failure [CKD],580-590.99,580-590.99
AFR,47,47,0,580.12,Non-proliferative glomerulonephritis,585.3,Chronic renal failure [CKD],580-590.99,580-590.99
AFR,47,47,0,580.12,Non-proliferative glomerulonephritis,585.2,Renal failure NOS,580-590.99,580-590.99
AFR,47,47,0,580.1,Glomerulonephritis,587,Kidney replaced by transpant,580-590.99,580-590.99
EUR,47,0,47,362,Other retinal disorders,365.2,Primary angle-closure glaucoma,"250.70-250.79,360-365.99",360-365.99
EUR,47,47,0,495.1,Chronic obstructive asthma,496.1,Emphysema,490-498.99,490-498.99
EUR,47,47,0,361,Retinal detachments and defects,362.6,Peripheral retinal degenerations,360-365.99,"250.70-250.79,360-365.99"
META,47,47,0,495.1,Chronic obstructive asthma,496.1,Emphysema,490-498.99,490-498.99
META,47,47,0,249,Secondary diabetes mellitus,250.14,Type 1 diabetes with neurological manifestations,249-250.99,249-250.99
AFR,46,46,0,241.2,Nontoxic multinodular goiter,246,Other disorders of thyroid,240-246.99,240-246.99
AFR,46,46,0,580.1,Glomerulonephritis,585.2,Renal failure NOS,580-590.99,580-590.99
AFR,46,46,0,241,Nontoxic nodular goiter,246,Other disorders of thyroid,240-246.99,240-246.99
EUR,46,0,46,452,Other venous embolism and thrombosis,455,Hemorrhoids,450-457.99,450-457.99
EUR,46,0,46,452.2,Deep vein thrombosis [DVT],455,Hemorrhoids,450-457.99,450-457.99
EUR,46,46,0,242,Thyrotoxicosis with or without goiter,244.1,Secondary hypothyroidism,240-246.99,240-246.99
EUR,46,39,7,364.5,Corneal dystrophy,365,Glaucoma,360-365.99,360-365.99
META,46,0,46,244.4,Hypothyroidism NOS,246,Other disorders of thyroid,240-246.99,240-246.99
META,46,46,0,371.3,Inflammation of eyelids,374,Other disorders of eyelids,369-374.99,369-374.99
META,46,2,44,694.1,Vitiligo,695.42,Systemic lupus erythematosus,690-697.99,"690-697.99, 335-335.99"
META,46,46,0,361,Retinal detachments and defects,362.6,Peripheral retinal degenerations,360-365.99,"250.70-250.79,360-365.99"
META,46,40,6,250.7,Diabetic retinopathy,365.11,Primary open angle glaucoma,"250.70-250.79,360-365.99",360-365.99
META,46,46,0,451.2,Phlebitis and thrombophlebitis of lower extremities,453,Chronic venous hypertension,450-457.99,450-457.99
AFR,45,45,0,580.1,Glomerulonephritis,585,Renal failure,580-590.99,580-590.99
AFR,45,45,0,580.1,Glomerulonephritis,585.33,"Chronic Kidney Disease, Stage III",580-590.99,580-590.99
AFR,45,45,0,580.12,Non-proliferative glomerulonephritis,585,Renal failure,580-590.99,580-590.99
AFR,45,45,0,250.23,Type 2 diabetes with ophthalmic manifestations,251.1,Hypoglycemia,249-250.99,249-259.99
EUR,45,45,0,242.1,Graves' disease,244.1,Secondary hypothyroidism,240-246.99,240-246.99
EUR,45,45,0,290.3,Other persistent mental disorders due to conditions classified elsewhere,292.4,Altered mental status,290-292.99,290-292.99
EUR,45,2,43,426.3,Bundle branch block,427.21,Atrial fibrillation,426-427.99,426-427.99
META,45,45,0,242.1,Graves' disease,244.1,Secondary hypothyroidism,240-246.99,240-246.99
META,45,0,45,244,Hypothyroidism,246,Other disorders of thyroid,240-246.99,240-246.99
META,45,45,0,726,Peripheral enthesopathies and allied syndromes,727,"Other disorders of synovium, tendon, and bursa",725-729.99,725-729.99
META,45,45,0,580.1,Glomerulonephritis,585.32,End stage renal disease,580-590.99,580-590.99
META,45,45,0,290.3,Other persistent mental disorders due to conditions classified elsewhere,292.4,Altered mental status,290-292.99,290-292.99
AFR,44,44,0,580.12,Non-proliferative glomerulonephritis,585.33,"Chronic Kidney Disease, Stage III",580-590.99,580-590.99
AFR,44,44,0,240,Simple and unspecified goiter,246,Other disorders of thyroid,240-246.99,240-246.99
EUR,44,1,43,727,"Other disorders of synovium, tendon, and bursa",728.7,Fasciitis,725-729.99,725-729.99
EUR,44,1,43,695,Erythematous conditions,697,Sarcoidosis,690-697.99,690-697.99
META,44,0,44,452,Other venous embolism and thrombosis,455,Hemorrhoids,450-457.99,450-457.99
META,44,0,44,452.2,Deep vein thrombosis [DVT],455,Hemorrhoids,450-457.99,450-457.99
META,44,44,0,580.12,Non-proliferative glomerulonephritis,585.31,Renal dialysis,580-590.99,580-590.99
META,44,44,0,371,Inflammation of the eye,374,Other disorders of eyelids,369-374.99,369-374.99
META,44,44,0,580.12,Non-proliferative glomerulonephritis,585.32,End stage renal disease,580-590.99,580-590.99
META,44,44,0,451.2,Phlebitis and thrombophlebitis of lower extremities,454.11,"Varicose veins of lower extremity, symptomtic",450-457.99,450-457.99
META,44,6,38,202,"Cancer of other lymphoid, histiocytic tissue",204.1,Lymphoid leukemia,200-204.99,200-204.99
META,44,44,0,580.1,Glomerulonephritis,588.2,Secondary hyperparathyroidism (of renal origin),580-590.99,580-590.99
META,44,44,0,580.1,Glomerulonephritis,588,Disorders resulting from impaired renal function,580-590.99,580-590.99
META,44,44,0,580.1,Glomerulonephritis,585.31,Renal dialysis,580-590.99,580-590.99
AFR,43,43,0,696.42,Psoriatic arthropathy,714.1,Rheumatoid arthritis,"690-697.99, 714-714.99","714-716.00, 696-696.99"
AFR,43,43,0,241.1,Nontoxic uninodular goiter,246,Other disorders of thyroid,240-246.99,240-246.99
EUR,43,43,0,361.1,Retinal detachment with retinal defect,365.1,Open-angle glaucoma,360-365.99,360-365.99
EUR,43,36,7,364,Corneal opacity and other disorders of cornea,365,Glaucoma,360-365.99,360-365.99
EUR,43,43,0,530.1,"Esophagitis, GERD and related diseases",532,Dysphagia,"530-530.99, 532-532.99","530-530.99, 532-532.99"
EUR,43,43,0,721,Spondylosis and allied disorders,722.1,Displacement of intervertebral disc,720-724.99,720-724.99
META,43,43,0,580.12,Non-proliferative glomerulonephritis,587,Kidney replaced by transpant,580-590.99,580-590.99
META,43,11,32,362.22,"Macular degeneration, wet",365,Glaucoma,"250.70-250.79,360-365.99",360-365.99
META,43,43,0,361.1,Retinal detachment with retinal defect,365.1,Open-angle glaucoma,360-365.99,360-365.99
META,43,43,0,580.12,Non-proliferative glomerulonephritis,585.2,Renal failure NOS,580-590.99,580-590.99
META,43,43,0,580.12,Non-proliferative glomerulonephritis,588,Disorders resulting from impaired renal function,580-590.99,580-590.99
META,43,43,0,530.1,"Esophagitis, GERD and related diseases",532,Dysphagia,"530-530.99, 532-532.99","530-530.99, 532-532.99"
META,43,43,0,580.1,Glomerulonephritis,585.34,"Chronic Kidney Disease, Stage IV",580-590.99,580-590.99
AFR,42,39,3,696,Psoriasis and related disorders,697,Sarcoidosis,"690-697.99, 714-714.99",690-697.99
EUR,42,42,0,240,Simple and unspecified goiter,245,Thyroiditis,240-246.99,240-246.99
META,42,42,0,240,Simple and unspecified goiter,245,Thyroiditis,240-246.99,240-246.99
META,42,42,0,580.12,Non-proliferative glomerulonephritis,585.3,Chronic renal failure [CKD],580-590.99,580-590.99
META,42,42,0,580.1,Glomerulonephritis,587,Kidney replaced by transpant,580-590.99,580-590.99
META,42,42,0,295.1,Schizophrenia,296.1,Bipolar,295-306.99,295-306.99
META,42,42,0,580.1,Glomerulonephritis,585.2,Renal failure NOS,580-590.99,580-590.99
META,42,42,0,580.1,Glomerulonephritis,585.3,Chronic renal failure [CKD],580-590.99,580-590.99
META,42,42,0,580.12,Non-proliferative glomerulonephritis,588.2,Secondary hyperparathyroidism (of renal origin),580-590.99,580-590.99
META,42,42,0,580.12,Non-proliferative glomerulonephritis,585.34,"Chronic Kidney Disease, Stage IV",580-590.99,580-590.99
META,41,41,0,580.3,Nephritis and nephropathy without mention of glomerulonephritis,588,Disorders resulting from impaired renal function,580-590.99,580-590.99
META,41,4,37,362.2,Degeneration of macula and posterior pole of retina,365.1,Open-angle glaucoma,"250.70-250.79,360-365.99",360-365.99
META,41,41,0,580.12,Non-proliferative glomerulonephritis,585,Renal failure,580-590.99,580-590.99
META,41,41,0,580.1,Glomerulonephritis,585,Renal failure,580-590.99,580-590.99
AFR,40,40,0,696,Psoriasis and related disorders,715,Other inflammatory spondylopathies,"690-697.99, 714-714.99","714-716.00, 696-696.99"
EUR,40,40,0,426.24,"Atrioventricular block, complete",427.21,Atrial fibrillation,426-427.99,426-427.99
EUR,40,40,0,594.2,Calculus of lower urinary tract,595,Hydronephrosis,594-595.99,594-595.99
EUR,40,40,0,523,Gingival and periodontal diseases,525,Other diseases of the teeth and supporting structures,520-526.99,520-526.99
EUR,40,40,0,426.24,"Atrioventricular block, complete",427.2,Atrial fibrillation and flutter,426-427.99,426-427.99
META,40,40,0,594.2,Calculus of lower urinary tract,595,Hydronephrosis,594-595.99,594-595.99
META,40,40,0,426.24,"Atrioventricular block, complete",427.21,Atrial fibrillation,426-427.99,426-427.99
META,40,40,0,580.1,Glomerulonephritis,585.33,"Chronic Kidney Disease, Stage III",580-590.99,580-590.99
META,40,40,0,296.2,Depression,300.11,Generalized anxiety disorder,295-306.99,295-306.99
META,40,40,0,580.12,Non-proliferative glomerulonephritis,585.33,"Chronic Kidney Disease, Stage III",580-590.99,580-590.99
META,40,40,0,426.24,"Atrioventricular block, complete",427.2,Atrial fibrillation and flutter,426-427.99,426-427.99
EUR,39,39,0,038,Septicemia,041,Bacterial infection NOS,010-041.99,010-041.99
EUR,39,39,0,601,Inflammatory diseases of prostate,185,Cancer of prostate,"185-187.99, 796-796.99, 600-602.99","185-187.99, 796-796.99, 600-602.99"
META,39,0,39,364.41,Keratoconus,365,Glaucoma,360-365.99,360-365.99
META,39,39,0,240,Simple and unspecified goiter,244.1,Secondary hypothyroidism,240-246.99,240-246.99
EUR,38,38,0,585.32,End stage renal disease,588.2,Secondary hyperparathyroidism (of renal origin),580-590.99,580-590.99
EUR,38,38,0,290.12,Dementia with cerebral degenerations,292.4,Altered mental status,290-292.99,290-292.99
EUR,38,38,0,585.32,End stage renal disease,588,Disorders resulting from impaired renal function,580-590.99,580-590.99
META,38,38,0,290.12,Dementia with cerebral degenerations,292.4,Altered mental status,290-292.99,290-292.99
META,38,1,37,426.3,Bundle branch block,427.2,Atrial fibrillation and flutter,426-427.99,426-427.99
META,38,0,38,377.1,Optic atrophy,379.2,Disorders of vitreous body,375-379.99,375-379.99
EUR,37,37,0,245,Thyroiditis,246.7,Abnormal results of function study of thyroid,240-246.99,240-246.99
EUR,37,37,0,426.2,Atrioventricular [AV] block,427.3,Other specified cardiac dysrhythmias,426-427.99,426-427.99
EUR,37,37,0,450,Noninfectious disorders of lymphatic channels,454.1,Varicose veins of lower extremity,450-450.99,450-457.99
EUR,37,37,0,450,Noninfectious disorders of lymphatic channels,454,Varicose veins,450-450.99,450-457.99
EUR,37,37,0,521,Diseases of hard tissues of teeth,523,Gingival and periodontal diseases,520-526.99,520-526.99
META,37,37,0,245,Thyroiditis,246.7,Abnormal results of function study of thyroid,240-246.99,240-246.99
META,37,37,0,450,Noninfectious disorders of lymphatic channels,454.1,Varicose veins of lower extremity,450-450.99,450-457.99
META,37,37,0,450,Noninfectious disorders of lymphatic channels,454,Varicose veins,450-450.99,450-457.99
META,37,37,0,601,Inflammatory diseases of prostate,185,Cancer of prostate,"185-187.99, 796-796.99, 600-602.99","185-187.99, 796-796.99, 600-602.99"
AFR,36,36,0,580.3,Nephritis and nephropathy without mention of glomerulonephritis,585.31,Renal dialysis,580-590.99,580-590.99
AFR,36,36,0,580.3,Nephritis and nephropathy without mention of glomerulonephritis,585.3,Chronic renal failure [CKD],580-590.99,580-590.99
AFR,36,36,0,580.3,Nephritis and nephropathy without mention of glomerulonephritis,585.32,End stage renal disease,580-590.99,580-590.99
AFR,36,36,0,580.3,Nephritis and nephropathy without mention of glomerulonephritis,585.34,"Chronic Kidney Disease, Stage IV",580-590.99,580-590.99
EUR,36,36,0,450,Noninfectious disorders of lymphatic channels,454.11,"Varicose veins of lower extremity, symptomtic",450-450.99,450-457.99
EUR,36,36,0,426.31,Right bundle branch block,427.11,Paroxysmal supraventricular tachycardia,426-427.99,426-427.99
EUR,36,36,0,450,Noninfectious disorders of lymphatic channels,456,Chronic venous insufficiency [CVI],450-450.99,450-457.99
EUR,36,36,0,426.24,"Atrioventricular block, complete",427.22,Atrial flutter,426-427.99,426-427.99
META,36,36,0,450,Noninfectious disorders of lymphatic channels,454.11,"Varicose veins of lower extremity, symptomtic",450-450.99,450-457.99
META,36,36,0,426.31,Right bundle branch block,427.11,Paroxysmal supraventricular tachycardia,426-427.99,426-427.99
META,36,36,0,450,Noninfectious disorders of lymphatic channels,456,Chronic venous insufficiency [CVI],450-450.99,450-457.99
META,36,36,0,426.24,"Atrioventricular block, complete",427.22,Atrial flutter,426-427.99,426-427.99
AFR,35,35,0,580.3,Nephritis and nephropathy without mention of glomerulonephritis,588.2,Secondary hyperparathyroidism (of renal origin),580-590.99,580-590.99
AFR,35,35,0,580.3,Nephritis and nephropathy without mention of glomerulonephritis,585.2,Renal failure NOS,580-590.99,580-590.99
AFR,35,35,0,580.3,Nephritis and nephropathy without mention of glomerulonephritis,588,Disorders resulting from impaired renal function,580-590.99,580-590.99
AFR,35,35,0,240,Simple and unspecified goiter,244.1,Secondary hypothyroidism,240-246.99,240-246.99
AFR,35,35,0,580.3,Nephritis and nephropathy without mention of glomerulonephritis,587,Kidney replaced by transpant,580-590.99,580-590.99
EUR,35,35,0,585.2,Renal failure NOS,588,Disorders resulting from impaired renal function,580-590.99,580-590.99
EUR,35,35,0,585.2,Renal failure NOS,588.2,Secondary hyperparathyroidism (of renal origin),580-590.99,580-590.99
EUR,35,35,0,695.42,Systemic lupus erythematosus,335,Multiple sclerosis,"690-697.99, 335-335.99","330-337.99, 341-349.99"
EUR,35,35,0,426.24,"Atrioventricular block, complete",427,Cardiac dysrhythmias,426-427.99,426-427.99
EUR,35,35,0,721.1,Spondylosis without myelopathy,722.1,Displacement of intervertebral disc,720-724.99,720-724.99
META,35,35,0,580.3,Nephritis and nephropathy without mention of glomerulonephritis,585.2,Renal failure NOS,580-590.99,580-590.99
META,35,35,0,580.3,Nephritis and nephropathy without mention of glomerulonephritis,585.31,Renal dialysis,580-590.99,580-590.99
META,35,35,0,426.2,Atrioventricular [AV] block,427.3,Other specified cardiac dysrhythmias,426-427.99,426-427.99
META,35,35,0,523,Gingival and periodontal diseases,525,Other diseases of the teeth and supporting structures,520-526.99,520-526.99
META,35,35,0,521,Diseases of hard tissues of teeth,523,Gingival and periodontal diseases,520-526.99,520-526.99
AFR,34,34,0,696,Psoriasis and related disorders,714,Rheumatoid arthritis and other inflammatory polyarthropathies,"690-697.99, 714-714.99","714-716.00, 696-696.99"
AFR,34,34,0,241.1,Nontoxic uninodular goiter,244.1,Secondary hypothyroidism,240-246.99,240-246.99
EUR,34,34,0,280.2,Iron deficiency anemia secondary to blood loss (chronic),285,Other anemias,280-285.99,280-285.99
EUR,34,34,0,290.2,Delirium due to conditions classified elsewhere,292.2,Mild cognitive impairment,290-292.99,290-292.99
EUR,34,34,0,290.2,Delirium due to conditions classified elsewhere,292,Neurological disorders,290-292.99,290-292.99
EUR,34,0,34,426.21,First degree AV block,427.1,"Paroxysmal tachycardia, unspecified",426-427.99,426-427.99
EUR,34,0,34,694.1,Vitiligo,695.42,Systemic lupus erythematosus,690-697.99,"690-697.99, 335-335.99"
EUR,34,34,0,242,Thyrotoxicosis with or without goiter,245,Thyroiditis,240-246.99,240-246.99
EUR,34,34,0,280.2,Iron deficiency anemia secondary to blood loss (chronic),285.21,Anemia in chronic kidney disease,280-285.99,280-285.99
EUR,34,34,0,280.2,Iron deficiency anemia secondary to blood loss (chronic),285.2,Anemia of chronic disease,280-285.99,280-285.99
EUR,34,34,0,290.2,Delirium due to conditions classified elsewhere,292.3,Memory loss,290-292.99,290-292.99
META,34,34,0,580.3,Nephritis and nephropathy without mention of glomerulonephritis,588.2,Secondary hyperparathyroidism (of renal origin),580-590.99,580-590.99
META,34,34,0,290.2,Delirium due to conditions classified elsewhere,292.2,Mild cognitive impairment,290-292.99,290-292.99
META,34,34,0,580.3,Nephritis and nephropathy without mention of glomerulonephritis,587,Kidney replaced by transpant,580-590.99,580-590.99
META,34,34,0,290.2,Delirium due to conditions classified elsewhere,292,Neurological disorders,290-292.99,290-292.99
META,34,34,0,242,Thyrotoxicosis with or without goiter,245,Thyroiditis,240-246.99,240-246.99
META,34,34,0,290.2,Delirium due to conditions classified elsewhere,292.3,Memory loss,290-292.99,290-292.99
AFR,33,33,0,580.3,Nephritis and nephropathy without mention of glomerulonephritis,585,Renal failure,580-590.99,580-590.99
AFR,33,33,0,696,Psoriasis and related disorders,714.1,Rheumatoid arthritis,"690-697.99, 714-714.99","714-716.00, 696-696.99"
AFR,33,33,0,580.3,Nephritis and nephropathy without mention of glomerulonephritis,585.33,"Chronic Kidney Disease, Stage III",580-590.99,580-590.99
AFR,33,33,0,242,Thyrotoxicosis with or without goiter,246,Other disorders of thyroid,240-246.99,240-246.99
EUR,33,8,25,362,Other retinal disorders,365.1,Open-angle glaucoma,"250.70-250.79,360-365.99",360-365.99
EUR,33,33,0,521.1,Dental caries,525.1,Loss of teeth or edentulism,520-526.99,520-526.99
EUR,33,33,0,196,Radiotherapy,198.6,Secondary malignancy of bone,195-199.99,195-199.99
EUR,33,33,0,290.2,Delirium due to conditions classified elsewhere,292.4,Altered mental status,290-292.99,290-292.99
META,33,0,33,426.21,First degree AV block,427.1,"Paroxysmal tachycardia, unspecified",426-427.99,426-427.99
META,33,33,0,242,Thyrotoxicosis with or without goiter,246.7,Abnormal results of function study of thyroid,240-246.99,240-246.99
META,33,33,0,290.2,Delirium due to conditions classified elsewhere,292.4,Altered mental status,290-292.99,290-292.99
META,33,33,0,196,Radiotherapy,198.6,Secondary malignancy of bone,195-199.99,195-199.99
AFR,32,32,0,250.7,Diabetic retinopathy,251.1,Hypoglycemia,"250.70-250.79,360-365.99",249-259.99
AFR,32,32,0,451,Phlebitis and thrombophlebitis,452,Other venous embolism and thrombosis,450-457.99,450-457.99
EUR,32,32,0,458.9,Hypotension NOS,459.7,Blood vessel replaced,458-459.99,458-459.99
EUR,32,32,0,796,Elevated prostate specific antigen [PSA],601.12,Chronic prostatitis,"185-187.99, 796-796.99, 600-602.99","185-187.99, 796-796.99, 600-602.99"
EUR,32,30,2,216.1,Screening for malignant neoplasms of the skin,217,Vascular hamartomas and non-neoplastic nevi,216-217.99,216-217.99
EUR,32,32,0,458.9,Hypotension NOS,459,Other disorders of circulatory system,458-459.99,458-459.99
EUR,32,32,0,185,Cancer of prostate,601.12,Chronic prostatitis,"185-187.99, 796-796.99, 600-602.99","185-187.99, 796-796.99, 600-602.99"
META,32,1,31,426.3,Bundle branch block,427.21,Atrial fibrillation,426-427.99,426-427.99
EUR,31,31,0,216.1,Screening for malignant neoplasms of the skin,217.1,"Nevus, non-neoplastic",216-217.99,216-217.99
META,31,30,1,216.1,Screening for malignant neoplasms of the skin,217,Vascular hamartomas and non-neoplastic nevi,216-217.99,216-217.99
META,31,31,0,796,Elevated prostate specific antigen [PSA],601.12,Chronic prostatitis,"185-187.99, 796-796.99, 600-602.99","185-187.99, 796-796.99, 600-602.99"
META,31,31,0,458.9,Hypotension NOS,459,Other disorders of circulatory system,458-459.99,458-459.99
META,31,31,0,185,Cancer of prostate,601.12,Chronic prostatitis,"185-187.99, 796-796.99, 600-602.99","185-187.99, 796-796.99, 600-602.99"
META,31,31,0,426.24,"Atrioventricular block, complete",427,Cardiac dysrhythmias,426-427.99,426-427.99
META,31,31,0,216.1,Screening for malignant neoplasms of the skin,217.1,"Nevus, non-neoplastic",216-217.99,216-217.99
AFR,30,28,2,695.41,Cutaneous lupus erythematosus,709,Diffuse diseases of connective tissue,"690-697.99, 335-335.99","690-697.99, 708-709.99"
EUR,30,30,0,296.2,Depression,304,Adjustment reaction,295-306.99,295-306.99
EUR,30,30,0,249,Secondary diabetes mellitus,250.42,Other abnormal glucose,249-250.99,249-250.99
EUR,30,2,28,426.21,First degree AV block,427.7,Tachycardia NOS,426-427.99,426-427.99
EUR,30,30,0,296,Mood disorders,304,Adjustment reaction,295-306.99,295-306.99
META,30,30,0,458.9,Hypotension NOS,459.7,Blood vessel replaced,458-459.99,458-459.99
META,30,2,28,426.21,First degree AV block,427.7,Tachycardia NOS,426-427.99,426-427.99
AFR,29,29,0,696.41,Psoriasis vulgaris,714.1,Rheumatoid arthritis,"690-697.99, 714-714.99","714-716.00, 696-696.99"
AFR,29,29,0,451,Phlebitis and thrombophlebitis,452.2,Deep vein thrombosis [DVT],450-457.99,450-457.99
EUR,29,10,19,555.2,Ulcerative colitis,561.1,Diarrhea,555-564.99,555-564.99
EUR,29,29,0,495.2,Asthma with exacerbation,497,Bronchitis,490-498.99,490-498.99
META,29,29,0,280.2,Iron deficiency anemia secondary to blood loss (chronic),285,Other anemias,280-285.99,280-285.99
META,29,29,0,249,Secondary diabetes mellitus,250.42,Other abnormal glucose,249-250.99,249-250.99
META,29,29,0,495.2,Asthma with exacerbation,497,Bronchitis,490-498.99,490-498.99
AFR,28,28,0,242,Thyrotoxicosis with or without goiter,246.7,Abnormal results of function study of thyroid,240-246.99,240-246.99
EUR,28,2,26,695.42,Systemic lupus erythematosus,696.42,Psoriatic arthropathy,"690-697.99, 335-335.99","690-697.99, 714-714.99"
EUR,28,28,0,242.3,Exophthalmos,244,Hypothyroidism,240-246.99,240-246.99
EUR,28,28,0,242.3,Exophthalmos,244.4,Hypothyroidism NOS,240-246.99,240-246.99
META,28,28,0,280.2,Iron deficiency anemia secondary to blood loss (chronic),285.2,Anemia of chronic disease,280-285.99,280-285.99
AFR,27,27,0,241.2,Nontoxic multinodular goiter,246.7,Abnormal results of function study of thyroid,240-246.99,240-246.99
AFR,27,27,0,241,Nontoxic nodular goiter,246.7,Abnormal results of function study of thyroid,240-246.99,240-246.99
AFR,27,27,0,242,Thyrotoxicosis with or without goiter,244.1,Secondary hypothyroidism,240-246.99,240-246.99
AFR,27,27,0,317,Alcohol-related disorders,318,Tobacco use disorder,316-319.99,316-319.99
EUR,27,27,0,580.31,Nephritis and nephropathy in diseases classified elsewhere,585.32,End stage renal disease,580-590.99,580-590.99
EUR,27,27,0,281,Other deficiency anemia,285,Other anemias,280-285.99,280-285.99
EUR,27,7,20,426.31,Right bundle branch block,427.22,Atrial flutter,426-427.99,426-427.99
EUR,27,27,0,580.3,Nephritis and nephropathy without mention of glomerulonephritis,585.32,End stage renal disease,580-590.99,580-590.99
META,27,27,0,281,Other deficiency anemia,285,Other anemias,280-285.99,280-285.99
META,27,27,0,580.31,Nephritis and nephropathy in diseases classified elsewhere,585.32,End stage renal disease,580-590.99,580-590.99
META,27,27,0,241.1,Nontoxic uninodular goiter,246.7,Abnormal results of function study of thyroid,240-246.99,240-246.99
AFR,26,0,26,452,Other venous embolism and thrombosis,455,Hemorrhoids,450-457.99,450-457.99
AFR,26,25,1,242,Thyrotoxicosis with or without goiter,244,Hypothyroidism,240-246.99,240-246.99
AFR,26,26,0,240,Simple and unspecified goiter,246.7,Abnormal results of function study of thyroid,240-246.99,240-246.99
AFR,26,0,26,452.2,Deep vein thrombosis [DVT],455,Hemorrhoids,450-457.99,450-457.99
AFR,26,26,0,241.1,Nontoxic uninodular goiter,246.7,Abnormal results of function study of thyroid,240-246.99,240-246.99
EUR,26,26,0,296.2,Depression,297,Suicidal ideation or attempt,295-306.99,295-306.99
EUR,26,26,0,300.1,Anxiety disorder,304,Adjustment reaction,295-306.99,295-306.99
EUR,26,26,0,344,Other paralytic syndromes,347,Cataplexy and narcolepsy,"330-337.99, 341-349.99","330-337.99, 341-349.99"
EUR,26,26,0,296,Mood disorders,300.11,Generalized anxiety disorder,295-306.99,295-306.99
EUR,26,26,0,300,"Anxiety, phobic and dissociative disorders",304,Adjustment reaction,295-306.99,295-306.99
EUR,26,26,0,695.42,Systemic lupus erythematosus,697,Sarcoidosis,"690-697.99, 335-335.99",690-697.99
EUR,26,0,26,149,"Cancer of larynx, pharynx, nasal cavities",155,Cancer of liver and intrahepatic bile duct,"140-149.99, 210-210.99","140-159.99, 210-211.99"
EUR,26,26,0,521.1,Dental caries,523,Gingival and periodontal diseases,520-526.99,520-526.99
META,26,6,20,426.31,Right bundle branch block,427.22,Atrial flutter,426-427.99,426-427.99
META,26,26,0,580,Nephritis; nephrosis; renal sclerosis,585.1,Acute renal failure,580-590.99,580-590.99
AFR,25,25,0,244.1,Secondary hypothyroidism,246,Other disorders of thyroid,240-246.99,240-246.99
AFR,25,25,0,290.1,Dementias,292,Neurological disorders,290-292.99,290-292.99
AFR,25,24,1,242,Thyrotoxicosis with or without goiter,244.4,Hypothyroidism NOS,240-246.99,240-246.99
EUR,25,0,25,361.1,Retinal detachment with retinal defect,365.2,Primary angle-closure glaucoma,360-365.99,360-365.99
EUR,25,25,0,281.9,Deficiency anemias,285.2,Anemia of chronic disease,280-285.99,280-285.99
EUR,25,25,0,426.91,Cardiac pacemaker in situ,427.3,Other specified cardiac dysrhythmias,426-427.99,426-427.99
EUR,25,25,0,362.9,Retinal edema,365,Glaucoma,"250.70-250.79,360-365.99",360-365.99
EUR,25,15,10,362.29,Macular degeneration (senile) of retina NOS,365.1,Open-angle glaucoma,"250.70-250.79,360-365.99",360-365.99
EUR,25,25,0,281,Other deficiency anemia,285.2,Anemia of chronic disease,280-285.99,280-285.99
META,25,25,0,244.1,Secondary hypothyroidism,246,Other disorders of thyroid,240-246.99,240-246.99
META,25,0,25,361.1,Retinal detachment with retinal defect,365.2,Primary angle-closure glaucoma,360-365.99,360-365.99
META,25,25,0,362.9,Retinal edema,365,Glaucoma,"250.70-250.79,360-365.99",360-365.99
AFR,24,24,0,244.1,Secondary hypothyroidism,246.7,Abnormal results of function study of thyroid,240-246.99,240-246.99
AFR,24,24,0,290.11,Alzheimer's disease,292,Neurological disorders,290-292.99,290-292.99
AFR,24,18,6,241.1,Nontoxic uninodular goiter,244,Hypothyroidism,240-246.99,240-246.99
AFR,24,24,0,695.42,Systemic lupus erythematosus,335,Multiple sclerosis,"690-697.99, 335-335.99","330-337.99, 341-349.99"
EUR,24,24,0,296.22,Major depressive disorder,297,Suicidal ideation or attempt,295-306.99,295-306.99
EUR,24,24,0,296.22,Major depressive disorder,304,Adjustment reaction,295-306.99,295-306.99
EUR,24,0,24,149.1,Cancer of oropharynx,155,Cancer of liver and intrahepatic bile duct,"140-149.99, 210-210.99","140-159.99, 210-211.99"
EUR,24,24,0,555,Inflammatory bowel disease and other gastroenteritis and colitis,559,Ileostomy status,555-564.99,555-564.99
EUR,24,24,0,250.7,Diabetic retinopathy,362.31,Separation of retinal layers,"250.70-250.79,360-365.99","250.70-250.79,360-365.99"
EUR,24,24,0,297,Suicidal ideation or attempt,300,"Anxiety, phobic and dissociative disorders",295-306.99,295-306.99
META,24,11,13,362.2,Degeneration of macula and posterior pole of retina,365.11,Primary open angle glaucoma,"250.70-250.79,360-365.99",360-365.99
META,24,24,0,555,Inflammatory bowel disease and other gastroenteritis and colitis,559,Ileostomy status,555-564.99,555-564.99
META,24,24,0,280.2,Iron deficiency anemia secondary to blood loss (chronic),285.21,Anemia in chronic kidney disease,280-285.99,280-285.99
META,24,19,5,364.5,Corneal dystrophy,365,Glaucoma,360-365.99,360-365.99
EUR,23,18,5,555,Inflammatory bowel disease and other gastroenteritis and colitis,558,Noninfectious gastroenteritis,555-564.99,555-564.99
EUR,23,0,23,426.2,Atrioventricular [AV] block,427.7,Tachycardia NOS,426-427.99,426-427.99
EUR,23,23,0,296,Mood disorders,297,Suicidal ideation or attempt,295-306.99,295-306.99
EUR,23,23,0,296.1,Bipolar,300.9,Posttraumatic stress disorder,295-306.99,295-306.99
EUR,23,23,0,426.2,Atrioventricular [AV] block,427.8,Sinoatrial node dysfunction (Bradycardia),426-427.99,426-427.99
EUR,23,23,0,555.2,Ulcerative colitis,559,Ileostomy status,555-564.99,555-564.99
META,23,23,0,244.1,Secondary hypothyroidism,246.7,Abnormal results of function study of thyroid,240-246.99,240-246.99
META,23,18,5,555,Inflammatory bowel disease and other gastroenteritis and colitis,558,Noninfectious gastroenteritis,555-564.99,555-564.99
META,23,23,0,249,Secondary diabetes mellitus,251.1,Hypoglycemia,249-250.99,249-259.99
META,23,0,23,426.2,Atrioventricular [AV] block,427.7,Tachycardia NOS,426-427.99,426-427.99
META,23,23,0,296.1,Bipolar,300.9,Posttraumatic stress disorder,295-306.99,295-306.99
META,23,23,0,426.91,Cardiac pacemaker in situ,427.3,Other specified cardiac dysrhythmias,426-427.99,426-427.99
META,23,23,0,426.2,Atrioventricular [AV] block,427.8,Sinoatrial node dysfunction (Bradycardia),426-427.99,426-427.99
META,23,23,0,555.2,Ulcerative colitis,559,Ileostomy status,555-564.99,555-564.99
AFR,22,18,4,241.1,Nontoxic uninodular goiter,244.4,Hypothyroidism NOS,240-246.99,240-246.99
EUR,22,22,0,801.1,Fracture of foot,803.2,Fracture of radius and ulna,800-809.99,800-809.99
EUR,22,16,6,555.2,Ulcerative colitis,558,Noninfectious gastroenteritis,555-564.99,555-564.99
EUR,22,22,0,801.1,Fracture of foot,803,Fracture of upper limb,800-809.99,800-809.99
EUR,22,22,0,801.1,Fracture of foot,804,Fracture of hand or wrist,800-809.99,800-809.99
META,22,1,21,727,"Other disorders of synovium, tendon, and bursa",728.7,Fasciitis,725-729.99,725-729.99
META,22,6,16,362.21,"Macular degeneration, dry",365.1,Open-angle glaucoma,"250.70-250.79,360-365.99",360-365.99
META,22,16,6,555.2,Ulcerative colitis,558,Noninfectious gastroenteritis,555-564.99,555-564.99
META,22,22,0,801.1,Fracture of foot,803.2,Fracture of radius and ulna,800-809.99,800-809.99
META,22,22,0,801.1,Fracture of foot,803,Fracture of upper limb,800-809.99,800-809.99
META,22,22,0,801.1,Fracture of foot,804,Fracture of hand or wrist,800-809.99,800-809.99
META,22,22,0,521.1,Dental caries,523,Gingival and periodontal diseases,520-526.99,520-526.99
AFR,21,21,0,290,Delirium dementia and amnestic and other cognitive disorders,292,Neurological disorders,290-292.99,290-292.99
EUR,21,21,0,249,Secondary diabetes mellitus,251.1,Hypoglycemia,249-250.99,249-259.99
EUR,21,0,21,362.21,"Macular degeneration, dry",364.5,Corneal dystrophy,"250.70-250.79,360-365.99",360-365.99
EUR,21,0,21,362.21,"Macular degeneration, dry",364,Corneal opacity and other disorders of cornea,"250.70-250.79,360-365.99",360-365.99
EUR,21,13,8,555,Inflammatory bowel disease and other gastroenteritis and colitis,561.1,Diarrhea,555-564.99,555-564.99
EUR,21,21,0,241,Nontoxic nodular goiter,245,Thyroiditis,240-246.99,240-246.99
META,21,0,21,362.21,"Macular degeneration, dry",364,Corneal opacity and other disorders of cornea,"250.70-250.79,360-365.99",360-365.99
META,21,0,21,362.21,"Macular degeneration, dry",364.5,Corneal dystrophy,"250.70-250.79,360-365.99",360-365.99
META,21,13,8,555,Inflammatory bowel disease and other gastroenteritis and colitis,561.1,Diarrhea,555-564.99,555-564.99
EUR,20,20,0,574.1,Cholelithiasis,575,Other biliary tract disease,574-576.99,574-576.99
EUR,20,20,0,574,Cholelithiasis and cholecystitis,575,Other biliary tract disease,574-576.99,574-576.99
EUR,20,0,20,362.2,Degeneration of macula and posterior pole of retina,364,Corneal opacity and other disorders of cornea,"250.70-250.79,360-365.99",360-365.99
EUR,20,20,0,574.11,Cholelithiasis with acute cholecystitis,575,Other biliary tract disease,574-576.99,574-576.99
EUR,20,20,0,296.22,Major depressive disorder,301,Personality disorders,295-306.99,295-306.99
EUR,20,20,0,574.3,Cholecystitis without cholelithiasis,575,Other biliary tract disease,574-576.99,574-576.99
EUR,20,20,0,574.12,Cholelithiasis with other cholecystitis,575,Other biliary tract disease,574-576.99,574-576.99
EUR,20,0,20,426.31,Right bundle branch block,427.6,Premature beats,426-427.99,426-427.99
EUR,20,20,0,426.3,Bundle branch block,427.7,Tachycardia NOS,426-427.99,426-427.99
META,20,15,5,364,Corneal opacity and other disorders of cornea,365,Glaucoma,360-365.99,360-365.99
META,20,20,0,344,Other paralytic syndromes,347,Cataplexy and narcolepsy,"330-337.99, 341-349.99","330-337.99, 341-349.99"
META,20,20,0,574.1,Cholelithiasis,575,Other biliary tract disease,574-576.99,574-576.99
META,20,20,0,473.4,Voice disturbance,475,Chronic sinusitis,470-479.99,470-479.99
META,20,20,0,574.11,Cholelithiasis with acute cholecystitis,575,Other biliary tract disease,574-576.99,574-576.99
META,20,20,0,574.12,Cholelithiasis with other cholecystitis,575,Other biliary tract disease,574-576.99,574-576.99
META,20,20,0,471,Nasal polyps,473.4,Voice disturbance,470-479.99,470-479.99
META,20,20,0,574.3,Cholecystitis without cholelithiasis,575,Other biliary tract disease,574-576.99,574-576.99
META,20,0,20,426.31,Right bundle branch block,427.6,Premature beats,426-427.99,426-427.99
META,20,20,0,574,Cholelithiasis and cholecystitis,575,Other biliary tract disease,574-576.99,574-576.99
META,20,20,0,426.3,Bundle branch block,427.7,Tachycardia NOS,426-427.99,426-427.99
AFR,19,19,0,290.16,Vascular dementia,292,Neurological disorders,290-292.99,290-292.99
EUR,19,19,0,574.3,Cholecystitis without cholelithiasis,575.7,Other disorders of gallbladder,574-576.99,574-576.99
EUR,19,19,0,574,Cholelithiasis and cholecystitis,575.7,Other disorders of gallbladder,574-576.99,574-576.99
EUR,19,19,0,574.12,Cholelithiasis with other cholecystitis,575.7,Other disorders of gallbladder,574-576.99,574-576.99
EUR,19,19,0,574.11,Cholelithiasis with acute cholecystitis,575.7,Other disorders of gallbladder,574-576.99,574-576.99
EUR,19,19,0,574.1,Cholelithiasis,575.7,Other disorders of gallbladder,574-576.99,574-576.99
META,19,19,0,574.3,Cholecystitis without cholelithiasis,575.7,Other disorders of gallbladder,574-576.99,574-576.99
META,19,19,0,521.1,Dental caries,525.1,Loss of teeth or edentulism,520-526.99,520-526.99
META,19,19,0,574.12,Cholelithiasis with other cholecystitis,575.7,Other disorders of gallbladder,574-576.99,574-576.99
META,19,19,0,574,Cholelithiasis and cholecystitis,575.7,Other disorders of gallbladder,574-576.99,574-576.99
META,19,10,9,555.2,Ulcerative colitis,561.1,Diarrhea,555-564.99,555-564.99
META,19,19,0,721,Spondylosis and allied disorders,722.1,Displacement of intervertebral disc,720-724.99,720-724.99
META,19,19,0,574.1,Cholelithiasis,575.7,Other disorders of gallbladder,574-576.99,574-576.99
META,19,19,0,574.11,Cholelithiasis with acute cholecystitis,575.7,Other disorders of gallbladder,574-576.99,574-576.99
EUR,18,0,18,362.2,Degeneration of macula and posterior pole of retina,364.5,Corneal dystrophy,"250.70-250.79,360-365.99",360-365.99
EUR,18,18,0,249,Secondary diabetes mellitus,250.11,Type 1 diabetes with ketoacidosis,249-250.99,249-250.99
META,18,0,18,362,Other retinal disorders,365.2,Primary angle-closure glaucoma,"250.70-250.79,360-365.99",360-365.99
META,18,18,0,038,Septicemia,041,Bacterial infection NOS,010-041.99,010-041.99
META,18,4,14,362,Other retinal disorders,365.1,Open-angle glaucoma,"250.70-250.79,360-365.99",360-365.99
META,18,6,12,362,Other retinal disorders,365,Glaucoma,"250.70-250.79,360-365.99",360-365.99
EUR,17,0,17,364.41,Keratoconus,365.1,Open-angle glaucoma,360-365.99,360-365.99
EUR,17,11,6,362,Other retinal disorders,365.11,Primary open angle glaucoma,"250.70-250.79,360-365.99",360-365.99
EUR,17,17,0,297,Suicidal ideation or attempt,300.9,Posttraumatic stress disorder,295-306.99,295-306.99
EUR,17,0,17,361,Retinal detachments and defects,365.2,Primary angle-closure glaucoma,360-365.99,360-365.99
EUR,17,17,0,362.21,"Macular degeneration, dry",363,"Chorioretinal inflammations, scars, and other disorders of choroid","250.70-250.79,360-365.99",360-365.99
EUR,17,17,0,362.2,Degeneration of macula and posterior pole of retina,363,"Chorioretinal inflammations, scars, and other disorders of choroid","250.70-250.79,360-365.99",360-365.99
EUR,17,17,0,710.11,Acute osteomyelitis,713.5,Arthropathy associated with neurological disorders,710-716.99,710-716.99
EUR,17,17,0,362.29,Macular degeneration (senile) of retina NOS,363,"Chorioretinal inflammations, scars, and other disorders of choroid","250.70-250.79,360-365.99",360-365.99
EUR,17,12,5,555,Inflammatory bowel disease and other gastroenteritis and colitis,561,Symptoms involving digestive system,555-564.99,555-564.99
EUR,17,17,0,249,Secondary diabetes mellitus,250.12,Type 1 diabetes with renal manifestations,249-250.99,249-250.99
META,17,17,0,296.2,Depression,297,Suicidal ideation or attempt,295-306.99,295-306.99
META,17,0,17,364.41,Keratoconus,365.1,Open-angle glaucoma,360-365.99,360-365.99
META,17,17,0,710.11,Acute osteomyelitis,713.5,Arthropathy associated with neurological disorders,710-716.99,710-716.99
META,17,17,0,296.22,Major depressive disorder,301,Personality disorders,295-306.99,295-306.99
META,17,12,5,555,Inflammatory bowel disease and other gastroenteritis and colitis,561,Symptoms involving digestive system,555-564.99,555-564.99
META,17,0,17,361,Retinal detachments and defects,365.2,Primary angle-closure glaucoma,360-365.99,360-365.99
META,17,0,17,149.1,Cancer of oropharynx,155,Cancer of liver and intrahepatic bile duct,"140-149.99, 210-210.99","140-159.99, 210-211.99"
META,17,15,2,690,Erythematosquamous dermatosis,695.41,Cutaneous lupus erythematosus,690-697.99,"690-697.99, 335-335.99"
AFR,16,16,0,690.1,Seborrheic dermatitis,696.4,Psoriasis,690-697.99,"690-697.99, 714-714.99"
AFR,16,16,0,316,Substance addiction and disorders,317,Alcohol-related disorders,316-319.99,316-319.99
AFR,16,16,0,690,Erythematosquamous dermatosis,696.4,Psoriasis,690-697.99,"690-697.99, 714-714.99"
AFR,16,16,0,070.2,Viral hepatitis B,078,Viral warts &#38; HPV,050-079.99,050-079.99
AFR,16,16,0,571.8,Liver abscess and sequelae of chronic liver disease,573.7,Abnormal results of function study of liver,570-573.99,570-573.99
EUR,16,16,0,521,Diseases of hard tissues of teeth,525.1,Loss of teeth or edentulism,520-526.99,520-526.99
EUR,16,0,16,426.23,Second degree AV block,427.2,Atrial fibrillation and flutter,426-427.99,426-427.99
EUR,16,16,0,361.1,Retinal detachment with retinal defect,365,Glaucoma,360-365.99,360-365.99
EUR,16,16,0,249,Secondary diabetes mellitus,250.21,Type 2 diabetes with ketoacidosis,249-250.99,249-250.99
EUR,16,0,16,426.23,Second degree AV block,427.21,Atrial fibrillation,426-427.99,426-427.99
EUR,16,14,2,690,Erythematosquamous dermatosis,695.41,Cutaneous lupus erythematosus,690-697.99,"690-697.99, 335-335.99"
META,16,16,0,296.22,Major depressive disorder,297,Suicidal ideation or attempt,295-306.99,295-306.99
META,16,0,16,362.2,Degeneration of macula and posterior pole of retina,364,Corneal opacity and other disorders of cornea,"250.70-250.79,360-365.99",360-365.99
META,16,16,0,362.29,Macular degeneration (senile) of retina NOS,363,"Chorioretinal inflammations, scars, and other disorders of choroid","250.70-250.79,360-365.99",360-365.99
META,16,0,16,451,Phlebitis and thrombophlebitis,455,Hemorrhoids,450-457.99,450-457.99
META,16,16,0,362.21,"Macular degeneration, dry",363,"Chorioretinal inflammations, scars, and other disorders of choroid","250.70-250.79,360-365.99",360-365.99
META,16,16,0,362.2,Degeneration of macula and posterior pole of retina,363,"Chorioretinal inflammations, scars, and other disorders of choroid","250.70-250.79,360-365.99",360-365.99
META,16,16,0,249,Secondary diabetes mellitus,250.11,Type 1 diabetes with ketoacidosis,249-250.99,249-250.99
META,16,16,0,249,Secondary diabetes mellitus,250.12,Type 1 diabetes with renal manifestations,249-250.99,249-250.99
AFR,15,15,0,690.1,Seborrheic dermatitis,696.41,Psoriasis vulgaris,690-697.99,"690-697.99, 714-714.99"
AFR,15,15,0,571.81,Portal hypertension,573.7,Abnormal results of function study of liver,570-573.99,570-573.99
AFR,15,15,0,361,Retinal detachments and defects,362.6,Peripheral retinal degenerations,360-365.99,"250.70-250.79,360-365.99"
AFR,15,15,0,690,Erythematosquamous dermatosis,696.41,Psoriasis vulgaris,690-697.99,"690-697.99, 714-714.99"
AFR,15,8,7,250.7,Diabetic retinopathy,365,Glaucoma,"250.70-250.79,360-365.99",360-365.99
EUR,15,15,0,364.5,Corneal dystrophy,365.1,Open-angle glaucoma,360-365.99,360-365.99
EUR,15,13,2,690.1,Seborrheic dermatitis,695.41,Cutaneous lupus erythematosus,690-697.99,"690-697.99, 335-335.99"
EUR,15,15,0,555.1,Regional enteritis,559,Ileostomy status,555-564.99,555-564.99
EUR,15,14,1,362.21,"Macular degeneration, dry",363.3,Chorioretinal scars,"250.70-250.79,360-365.99",360-365.99
EUR,15,14,1,362.2,Degeneration of macula and posterior pole of retina,363.3,Chorioretinal scars,"250.70-250.79,360-365.99",360-365.99
EUR,15,15,0,710,"Osteomyelitis, periostitis, and other infections involving bone",713.5,Arthropathy associated with neurological disorders,710-716.99,710-716.99
EUR,15,15,0,720,Spinal stenosis,722.1,Displacement of intervertebral disc,720-724.99,720-724.99
EUR,15,0,15,451,Phlebitis and thrombophlebitis,455,Hemorrhoids,450-457.99,450-457.99
EUR,15,15,0,722,Intervertebral disc disorders,724,Other and unspecified disorders of back,720-724.99,720-724.99
EUR,15,9,6,555.2,Ulcerative colitis,561,Symptoms involving digestive system,555-564.99,555-564.99
META,15,15,0,281.9,Deficiency anemias,285.2,Anemia of chronic disease,280-285.99,280-285.99
META,15,15,0,297,Suicidal ideation or attempt,300.9,Posttraumatic stress disorder,295-306.99,295-306.99
META,15,15,0,710,"Osteomyelitis, periostitis, and other infections involving bone",713.5,Arthropathy associated with neurological disorders,710-716.99,710-716.99
META,15,15,0,720,Spinal stenosis,722.1,Displacement of intervertebral disc,720-724.99,720-724.99
META,15,9,6,555.2,Ulcerative colitis,561,Symptoms involving digestive system,555-564.99,555-564.99
META,15,15,0,249,Secondary diabetes mellitus,250.21,Type 2 diabetes with ketoacidosis,249-250.99,249-250.99
META,15,15,0,555.1,Regional enteritis,559,Ileostomy status,555-564.99,555-564.99
META,15,15,0,281,Other deficiency anemia,285.2,Anemia of chronic disease,280-285.99,280-285.99
META,15,0,15,149,"Cancer of larynx, pharynx, nasal cavities",155,Cancer of liver and intrahepatic bile duct,"140-149.99, 210-210.99","140-159.99, 210-211.99"
AFR,14,14,0,580.32,Nephritis and nephropathy with pathological lesion,585.32,End stage renal disease,580-590.99,580-590.99
AFR,14,14,0,580.32,Nephritis and nephropathy with pathological lesion,585.31,Renal dialysis,580-590.99,580-590.99
AFR,14,14,0,580.32,Nephritis and nephropathy with pathological lesion,585.2,Renal failure NOS,580-590.99,580-590.99
AFR,14,14,0,580.32,Nephritis and nephropathy with pathological lesion,588,Disorders resulting from impaired renal function,580-590.99,580-590.99
AFR,14,14,0,580.32,Nephritis and nephropathy with pathological lesion,588.2,Secondary hyperparathyroidism (of renal origin),580-590.99,580-590.99
AFR,14,14,0,580.32,Nephritis and nephropathy with pathological lesion,585,Renal failure,580-590.99,580-590.99
AFR,14,14,0,580.32,Nephritis and nephropathy with pathological lesion,585.3,Chronic renal failure [CKD],580-590.99,580-590.99
AFR,14,14,0,451.2,Phlebitis and thrombophlebitis of lower extremities,452,Other venous embolism and thrombosis,450-457.99,450-457.99
AFR,14,14,0,580.32,Nephritis and nephropathy with pathological lesion,585.33,"Chronic Kidney Disease, Stage III",580-590.99,580-590.99
AFR,14,14,0,580.32,Nephritis and nephropathy with pathological lesion,585.34,"Chronic Kidney Disease, Stage IV",580-590.99,580-590.99
AFR,14,14,0,580.32,Nephritis and nephropathy with pathological lesion,587,Kidney replaced by transpant,580-590.99,580-590.99
EUR,14,14,0,362,Other retinal disorders,363,"Chorioretinal inflammations, scars, and other disorders of choroid","250.70-250.79,360-365.99",360-365.99
EUR,14,14,0,241,Nontoxic nodular goiter,242.1,Graves' disease,240-246.99,240-246.99
EUR,14,0,14,690.1,Seborrheic dermatitis,695.42,Systemic lupus erythematosus,690-697.99,"690-697.99, 335-335.99"
EUR,14,14,0,710.1,Osteomyelitis,713.5,Arthropathy associated with neurological disorders,710-716.99,710-716.99
EUR,14,14,0,362.29,Macular degeneration (senile) of retina NOS,363.3,Chorioretinal scars,"250.70-250.79,360-365.99",360-365.99
EUR,14,14,0,362.22,"Macular degeneration, wet",365.11,Primary open angle glaucoma,"250.70-250.79,360-365.99",360-365.99
EUR,14,14,0,241.2,Nontoxic multinodular goiter,242.1,Graves' disease,240-246.99,240-246.99
EUR,14,0,14,690,Erythematosquamous dermatosis,695.42,Systemic lupus erythematosus,690-697.99,"690-697.99, 335-335.99"
EUR,14,14,0,381.1,Otitis media,384,Other disorders of tympanic membrane,381-385.99,381-385.99
META,14,14,0,580.32,Nephritis and nephropathy with pathological lesion,585.32,End stage renal disease,580-590.99,580-590.99
META,14,12,2,690.1,Seborrheic dermatitis,695.41,Cutaneous lupus erythematosus,690-697.99,"690-697.99, 335-335.99"
META,14,12,2,362.21,"Macular degeneration, dry",365.11,Primary open angle glaucoma,"250.70-250.79,360-365.99",360-365.99
META,14,14,0,710.1,Osteomyelitis,713.5,Arthropathy associated with neurological disorders,710-716.99,710-716.99
META,14,14,0,296,Mood disorders,297,Suicidal ideation or attempt,295-306.99,295-306.99
META,14,13,1,362.2,Degeneration of macula and posterior pole of retina,363.3,Chorioretinal scars,"250.70-250.79,360-365.99",360-365.99
META,14,13,1,362.21,"Macular degeneration, dry",363.3,Chorioretinal scars,"250.70-250.79,360-365.99",360-365.99
META,14,0,14,362.2,Degeneration of macula and posterior pole of retina,364.5,Corneal dystrophy,"250.70-250.79,360-365.99",360-365.99
META,14,14,0,580.32,Nephritis and nephropathy with pathological lesion,585.34,"Chronic Kidney Disease, Stage IV",580-590.99,580-590.99
META,14,14,0,580.32,Nephritis and nephropathy with pathological lesion,587,Kidney replaced by transpant,580-590.99,580-590.99
META,14,14,0,580.32,Nephritis and nephropathy with pathological lesion,585,Renal failure,580-590.99,580-590.99
META,14,0,14,426.23,Second degree AV block,427.21,Atrial fibrillation,426-427.99,426-427.99
META,14,14,0,361.1,Retinal detachment with retinal defect,365,Glaucoma,360-365.99,360-365.99
META,14,14,0,580.32,Nephritis and nephropathy with pathological lesion,588.2,Secondary hyperparathyroidism (of renal origin),580-590.99,580-590.99
META,14,14,0,580.32,Nephritis and nephropathy with pathological lesion,585.33,"Chronic Kidney Disease, Stage III",580-590.99,580-590.99
META,14,14,0,580.32,Nephritis and nephropathy with pathological lesion,585.31,Renal dialysis,580-590.99,580-590.99
META,14,14,0,580.32,Nephritis and nephropathy with pathological lesion,588,Disorders resulting from impaired renal function,580-590.99,580-590.99
META,14,14,0,580.32,Nephritis and nephropathy with pathological lesion,585.2,Renal failure NOS,580-590.99,580-590.99
META,14,14,0,580.32,Nephritis and nephropathy with pathological lesion,585.3,Chronic renal failure [CKD],580-590.99,580-590.99
META,14,14,0,381.1,Otitis media,384,Other disorders of tympanic membrane,381-385.99,381-385.99
AFR,13,13,0,720,Spinal stenosis,722,Intervertebral disc disorders,720-724.99,720-724.99
EUR,13,13,0,411.9,Other acute and subacute forms of ischemic heart disease,414.2,ASCVD,410-414.99,410-414.99
EUR,13,13,0,411.9,Other acute and subacute forms of ischemic heart disease,414,Other forms of chronic heart disease,410-414.99,410-414.99
EUR,13,13,0,381.2,Eustachian tube disorders,384,Other disorders of tympanic membrane,381-385.99,381-385.99
EUR,13,13,0,361.1,Retinal detachment with retinal defect,362.6,Peripheral retinal degenerations,360-365.99,"250.70-250.79,360-365.99"
EUR,13,13,0,381,Otitis media and Eustachian tube disorders,384,Other disorders of tympanic membrane,381-385.99,381-385.99
EUR,13,13,0,495.2,Asthma with exacerbation,496.21,Obstructive chronic bronchitis,490-498.99,490-498.99
META,13,13,0,411.9,Other acute and subacute forms of ischemic heart disease,414.2,ASCVD,410-414.99,410-414.99
META,13,13,0,411.9,Other acute and subacute forms of ischemic heart disease,414,Other forms of chronic heart disease,410-414.99,410-414.99
META,13,13,0,242.3,Exophthalmos,244,Hypothyroidism,240-246.99,240-246.99
META,13,13,0,241,Nontoxic nodular goiter,242.1,Graves' disease,240-246.99,240-246.99
META,13,13,0,495.2,Asthma with exacerbation,496.21,Obstructive chronic bronchitis,490-498.99,490-498.99
META,13,13,0,381,Otitis media and Eustachian tube disorders,384,Other disorders of tympanic membrane,381-385.99,381-385.99
META,13,13,0,361.1,Retinal detachment with retinal defect,362.6,Peripheral retinal degenerations,360-365.99,"250.70-250.79,360-365.99"
META,13,13,0,362.29,Macular degeneration (senile) of retina NOS,363.3,Chorioretinal scars,"250.70-250.79,360-365.99",360-365.99
META,13,13,0,242.3,Exophthalmos,244.4,Hypothyroidism NOS,240-246.99,240-246.99
META,13,13,0,241.2,Nontoxic multinodular goiter,242.1,Graves' disease,240-246.99,240-246.99
META,13,13,0,297,Suicidal ideation or attempt,300,"Anxiety, phobic and dissociative disorders",295-306.99,295-306.99
META,13,13,0,381.2,Eustachian tube disorders,384,Other disorders of tympanic membrane,381-385.99,381-385.99
AFR,12,12,0,696.41,Psoriasis vulgaris,714,Rheumatoid arthritis and other inflammatory polyarthropathies,"690-697.99, 714-714.99","714-716.00, 696-696.99"
AFR,12,12,0,451.2,Phlebitis and thrombophlebitis of lower extremities,452.2,Deep vein thrombosis [DVT],450-457.99,450-457.99
EUR,12,12,0,362.4,Retinal vascular changes and abnomalities,365.1,Open-angle glaucoma,"250.70-250.79,360-365.99",360-365.99
EUR,12,0,12,426.3,Bundle branch block,427.6,Premature beats,426-427.99,426-427.99
EUR,12,0,12,426.31,Right bundle branch block,427.12,Paroxysmal ventricular tachycardia,426-427.99,426-427.99
EUR,12,12,0,362.4,Retinal vascular changes and abnomalities,365.11,Primary open angle glaucoma,"250.70-250.79,360-365.99",360-365.99
EUR,12,12,0,296.22,Major depressive disorder,300.11,Generalized anxiety disorder,295-306.99,295-306.99
EUR,12,4,8,250.7,Diabetic retinopathy,364,Corneal opacity and other disorders of cornea,"250.70-250.79,360-365.99",360-365.99
EUR,12,12,0,523.3,Periodontitis (acute or chronic),525.1,Loss of teeth or edentulism,520-526.99,520-526.99
EUR,12,0,12,426.2,Atrioventricular [AV] block,427.1,"Paroxysmal tachycardia, unspecified",426-427.99,426-427.99
EUR,12,12,0,362.4,Retinal vascular changes and abnomalities,365,Glaucoma,"250.70-250.79,360-365.99",360-365.99
EUR,12,12,0,200.1,Polycythemia vera,289,Other diseases of blood and blood-forming organs,"200-204.99, 289-289.99",288-289.99
EUR,12,12,0,523.3,Periodontitis (acute or chronic),525,Other diseases of the teeth and supporting structures,520-526.99,520-526.99
META,12,0,12,426.3,Bundle branch block,427.6,Premature beats,426-427.99,426-427.99
META,12,12,0,695.41,Cutaneous lupus erythematosus,709,Diffuse diseases of connective tissue,"690-697.99, 335-335.99","690-697.99, 708-709.99"
META,12,12,0,362.22,"Macular degeneration, wet",365.11,Primary open angle glaucoma,"250.70-250.79,360-365.99",360-365.99
META,12,0,12,426.31,Right bundle branch block,427.12,Paroxysmal ventricular tachycardia,426-427.99,426-427.99
META,12,12,0,296,Mood disorders,300.11,Generalized anxiety disorder,295-306.99,295-306.99
META,12,12,0,200.1,Polycythemia vera,289,Other diseases of blood and blood-forming organs,"200-204.99, 289-289.99",288-289.99
META,12,0,12,426.23,Second degree AV block,427.2,Atrial fibrillation and flutter,426-427.99,426-427.99
META,12,0,12,426.2,Atrioventricular [AV] block,427.1,"Paroxysmal tachycardia, unspecified",426-427.99,426-427.99
AFR,11,11,0,720.1,Spinal stenosis of lumbar region,722,Intervertebral disc disorders,720-724.99,720-724.99
EUR,11,11,0,362,Other retinal disorders,363.3,Chorioretinal scars,"250.70-250.79,360-365.99",360-365.99
EUR,11,11,0,612,"Breast conditions, congenital or relating to hormones",613,Other nonmalignant breast conditions,610-613.99,613-613.99
EUR,11,11,0,296.2,Depression,297.1,Suicidal ideation,295-306.99,295-306.99
EUR,11,0,11,363,"Chorioretinal inflammations, scars, and other disorders of choroid",365.2,Primary angle-closure glaucoma,360-365.99,360-365.99
EUR,11,11,0,495.2,Asthma with exacerbation,496.2,Chronic bronchitis,490-498.99,490-498.99
EUR,11,11,0,364,Corneal opacity and other disorders of cornea,365.1,Open-angle glaucoma,360-365.99,360-365.99
EUR,11,11,0,611.3,Lump or mass in breast,613,Other nonmalignant breast conditions,610-613.99,613-613.99
EUR,11,11,0,612.2,Hypertrophy of breast (Gynecomastia),613,Other nonmalignant breast conditions,610-613.99,613-613.99
META,11,11,0,250.22,Type 2 diabetes with renal manifestations,251.1,Hypoglycemia,249-250.99,249-259.99
META,11,11,0,612,"Breast conditions, congenital or relating to hormones",613,Other nonmalignant breast conditions,610-613.99,613-613.99
META,11,11,0,495.2,Asthma with exacerbation,496.2,Chronic bronchitis,490-498.99,490-498.99
META,11,11,0,611.3,Lump or mass in breast,613,Other nonmalignant breast conditions,610-613.99,613-613.99
META,11,11,0,612.2,Hypertrophy of breast (Gynecomastia),613,Other nonmalignant breast conditions,610-613.99,613-613.99
AFR,10,10,0,586,Other disorders of the kidney and ureters,587,Kidney replaced by transpant,580-590.99,580-590.99
AFR,10,10,0,585.33,"Chronic Kidney Disease, Stage III",586,Other disorders of the kidney and ureters,580-590.99,580-590.99
AFR,10,10,0,585,Renal failure,586,Other disorders of the kidney and ureters,580-590.99,580-590.99
AFR,10,10,0,580,Nephritis; nephrosis; renal sclerosis,586,Other disorders of the kidney and ureters,580-590.99,580-590.99
AFR,10,10,0,585.3,Chronic renal failure [CKD],586,Other disorders of the kidney and ureters,580-590.99,580-590.99
AFR,10,10,0,585.34,"Chronic Kidney Disease, Stage IV",586,Other disorders of the kidney and ureters,580-590.99,580-590.99
AFR,10,10,0,585.2,Renal failure NOS,586,Other disorders of the kidney and ureters,580-590.99,580-590.99
AFR,10,10,0,585.32,End stage renal disease,586,Other disorders of the kidney and ureters,580-590.99,580-590.99
AFR,10,10,0,586,Other disorders of the kidney and ureters,588,Disorders resulting from impaired renal function,580-590.99,580-590.99
AFR,10,10,0,586,Other disorders of the kidney and ureters,588.2,Secondary hyperparathyroidism (of renal origin),580-590.99,580-590.99
AFR,10,10,0,585.31,Renal dialysis,586,Other disorders of the kidney and ureters,580-590.99,580-590.99
EUR,10,10,0,296.22,Major depressive disorder,297.1,Suicidal ideation,295-306.99,295-306.99
EUR,10,0,10,454,Varicose veins,455,Hemorrhoids,450-457.99,450-457.99
EUR,10,10,0,297.1,Suicidal ideation,300.9,Posttraumatic stress disorder,295-306.99,295-306.99
EUR,10,10,0,720,Spinal stenosis,721.2,Spondylosis with myelopathy,720-724.99,720-724.99
EUR,10,10,0,362.6,Peripheral retinal degenerations,365,Glaucoma,"250.70-250.79,360-365.99",360-365.99
EUR,10,0,10,451.2,Phlebitis and thrombophlebitis of lower extremities,455,Hemorrhoids,450-457.99,450-457.99
EUR,10,0,10,454.1,Varicose veins of lower extremity,455,Hemorrhoids,450-457.99,450-457.99
EUR,10,0,10,455,Hemorrhoids,456,Chronic venous insufficiency [CVI],450-457.99,450-457.99
EUR,10,10,0,701.4,Keloid scar,702,Degenerative skin conditions and other dermatoses,700-701.99,700-702.99
EUR,10,10,0,362.6,Peripheral retinal degenerations,365.11,Primary open angle glaucoma,"250.70-250.79,360-365.99",360-365.99
EUR,10,10,0,600,Hyperplasia of prostate,601,Inflammatory diseases of prostate,"185-187.99, 796-796.99, 600-602.99","185-187.99, 796-796.99, 600-602.99"
EUR,10,1,9,600,Hyperplasia of prostate,605,Erectile dysfunction [ED],"185-187.99, 796-796.99, 600-602.99",600-609.99
EUR,10,10,0,362.6,Peripheral retinal degenerations,365.1,Open-angle glaucoma,"250.70-250.79,360-365.99",360-365.99
EUR,10,10,0,242.2,Toxic multinodular goiter,245,Thyroiditis,240-246.99,240-246.99
META,10,10,0,720,Spinal stenosis,721.2,Spondylosis with myelopathy,720-724.99,720-724.99
META,10,10,0,362.6,Peripheral retinal degenerations,365,Glaucoma,"250.70-250.79,360-365.99",360-365.99
META,10,10,0,521,Diseases of hard tissues of teeth,525.1,Loss of teeth or edentulism,520-526.99,520-526.99
META,10,9,1,695,Erythematous conditions,696.42,Psoriatic arthropathy,690-697.99,"690-697.99, 714-714.99"
META,10,0,10,363,"Chorioretinal inflammations, scars, and other disorders of choroid",365.2,Primary angle-closure glaucoma,360-365.99,360-365.99
META,10,10,0,362.6,Peripheral retinal degenerations,365.11,Primary open angle glaucoma,"250.70-250.79,360-365.99",360-365.99
META,10,10,0,362.6,Peripheral retinal degenerations,365.1,Open-angle glaucoma,"250.70-250.79,360-365.99",360-365.99
META,10,10,0,242.2,Toxic multinodular goiter,245,Thyroiditis,240-246.99,240-246.99
AFR,9,9,0,250.22,Type 2 diabetes with renal manifestations,251.1,Hypoglycemia,249-250.99,249-259.99
AFR,9,9,0,250,Diabetes mellitus,251.1,Hypoglycemia,249-250.99,249-259.99
AFR,9,9,0,250.25,Diabetes type 2 with peripheral circulatory disorders,251.1,Hypoglycemia,249-250.99,249-259.99
AFR,9,9,0,250.2,Type 2 diabetes,251.1,Hypoglycemia,249-250.99,249-259.99
EUR,9,9,0,426.9,Cardiac pacemaker/device in situ,427.12,Paroxysmal ventricular tachycardia,426-427.99,426-427.99
EUR,9,9,0,339,Other headache syndromes,340,Migraine,339-340.99,339-340.99
EUR,9,0,9,426.21,First degree AV block,427.11,Paroxysmal supraventricular tachycardia,426-427.99,426-427.99
EUR,9,9,0,296,Mood disorders,297.1,Suicidal ideation,295-306.99,295-306.99
EUR,9,0,9,363.3,Chorioretinal scars,365.2,Primary angle-closure glaucoma,360-365.99,360-365.99
EUR,9,9,0,296.1,Bipolar,297,Suicidal ideation or attempt,295-306.99,295-306.99
EUR,9,1,8,555.21,Ulcerative colitis (chronic),561.1,Diarrhea,555-564.99,555-564.99
EUR,9,9,0,240,Simple and unspecified goiter,244.1,Secondary hypothyroidism,240-246.99,240-246.99
EUR,9,9,0,362.22,"Macular degeneration, wet",365.1,Open-angle glaucoma,"250.70-250.79,360-365.99",360-365.99
EUR,9,9,0,362.22,"Macular degeneration, wet",363.3,Chorioretinal scars,"250.70-250.79,360-365.99",360-365.99
META,9,0,9,454,Varicose veins,455,Hemorrhoids,450-457.99,450-457.99
META,9,9,0,297.1,Suicidal ideation,300.9,Posttraumatic stress disorder,295-306.99,295-306.99
META,9,9,0,721.1,Spondylosis without myelopathy,724,Other and unspecified disorders of back,720-724.99,720-724.99
META,9,9,0,362.4,Retinal vascular changes and abnomalities,365.1,Open-angle glaucoma,"250.70-250.79,360-365.99",360-365.99
META,9,0,9,454.1,Varicose veins of lower extremity,455,Hemorrhoids,450-457.99,450-457.99
META,9,9,0,296.22,Major depressive disorder,300.11,Generalized anxiety disorder,295-306.99,295-306.99
META,9,9,0,362.4,Retinal vascular changes and abnomalities,365.11,Primary open angle glaucoma,"250.70-250.79,360-365.99",360-365.99
META,9,0,9,455,Hemorrhoids,456,Chronic venous insufficiency [CVI],450-457.99,450-457.99
META,9,9,0,296.1,Bipolar,297,Suicidal ideation or attempt,295-306.99,295-306.99
META,9,9,0,362.4,Retinal vascular changes and abnomalities,365,Glaucoma,"250.70-250.79,360-365.99",360-365.99
META,9,9,0,362.22,"Macular degeneration, wet",363.3,Chorioretinal scars,"250.70-250.79,360-365.99",360-365.99
META,9,9,0,701.4,Keloid scar,702,Degenerative skin conditions and other dermatoses,700-701.99,700-702.99
META,9,9,0,250.25,Diabetes type 2 with peripheral circulatory disorders,251.1,Hypoglycemia,249-250.99,249-259.99
AFR,8,8,0,440.2,Atherosclerosis of the extremities,443.9,"Peripheral vascular disease, unspecified",440-449.99,440-449.99
AFR,8,0,8,451,Phlebitis and thrombophlebitis,455,Hemorrhoids,450-457.99,450-457.99
EUR,8,8,0,426.24,"Atrioventricular block, complete",427.3,Other specified cardiac dysrhythmias,426-427.99,426-427.99
EUR,8,8,0,502,Postinflammatory pulmonary fibrosis,507,Pleurisy; pleural effusion,500-509.99,500-509.99
EUR,8,7,1,555.21,Ulcerative colitis (chronic),558,Noninfectious gastroenteritis,555-564.99,555-564.99
EUR,8,8,0,701.1,"Keratoderma, acquired",702,Degenerative skin conditions and other dermatoses,700-701.99,700-702.99
EUR,8,1,7,110.12,Althete's foot,117,Mycoses,110-118.99,110-118.99
EUR,8,8,0,580.31,Nephritis and nephropathy in diseases classified elsewhere,588,Disorders resulting from impaired renal function,580-590.99,580-590.99
EUR,8,8,0,241.1,Nontoxic uninodular goiter,245,Thyroiditis,240-246.99,240-246.99
EUR,8,0,8,454.11,"Varicose veins of lower extremity, symptomtic",455,Hemorrhoids,450-457.99,450-457.99
EUR,8,0,8,426.2,Atrioventricular [AV] block,427.6,Premature beats,426-427.99,426-427.99
EUR,8,8,0,362.22,"Macular degeneration, wet",363,"Chorioretinal inflammations, scars, and other disorders of choroid","250.70-250.79,360-365.99",360-365.99
META,8,8,0,426.9,Cardiac pacemaker/device in situ,427.12,Paroxysmal ventricular tachycardia,426-427.99,426-427.99
META,8,8,0,502,Postinflammatory pulmonary fibrosis,507,Pleurisy; pleural effusion,500-509.99,500-509.99
META,8,8,0,585,Renal failure,586,Other disorders of the kidney and ureters,580-590.99,580-590.99
META,8,6,2,362,Other retinal disorders,365.11,Primary open angle glaucoma,"250.70-250.79,360-365.99",360-365.99
META,8,0,8,426.21,First degree AV block,427.11,Paroxysmal supraventricular tachycardia,426-427.99,426-427.99
META,8,8,0,426.24,"Atrioventricular block, complete",427.3,Other specified cardiac dysrhythmias,426-427.99,426-427.99
META,8,7,1,555.21,Ulcerative colitis (chronic),558,Noninfectious gastroenteritis,555-564.99,555-564.99
META,8,0,8,363.3,Chorioretinal scars,365.2,Primary angle-closure glaucoma,360-365.99,360-365.99
META,8,8,0,600,Hyperplasia of prostate,601,Inflammatory diseases of prostate,"185-187.99, 796-796.99, 600-602.99","185-187.99, 796-796.99, 600-602.99"
META,8,8,0,241.1,Nontoxic uninodular goiter,245,Thyroiditis,240-246.99,240-246.99
META,8,8,0,701.1,"Keratoderma, acquired",702,Degenerative skin conditions and other dermatoses,700-701.99,700-702.99
META,8,1,7,110.12,Althete's foot,117,Mycoses,110-118.99,110-118.99
META,8,8,0,362.22,"Macular degeneration, wet",363,"Chorioretinal inflammations, scars, and other disorders of choroid","250.70-250.79,360-365.99",360-365.99
META,8,0,8,426.2,Atrioventricular [AV] block,427.6,Premature beats,426-427.99,426-427.99
AFR,7,7,0,316,Substance addiction and disorders,317.1,Alcoholism,316-319.99,316-319.99
EUR,7,7,0,580,Nephritis; nephrosis; renal sclerosis,585.32,End stage renal disease,580-590.99,580-590.99
EUR,7,7,0,726.1,Enthesopathy,727,"Other disorders of synovium, tendon, and bursa",725-729.99,725-729.99
EUR,7,7,0,695,Erythematous conditions,696.42,Psoriatic arthropathy,690-697.99,"690-697.99, 714-714.99"
EUR,7,6,1,053.1,Herpes zoster with nervous system complications,078,Viral warts &#38; HPV,050-079.99,050-079.99
EUR,7,7,0,426,Cardiac conduction disorders,427.12,Paroxysmal ventricular tachycardia,426-427.99,426-427.99
EUR,7,7,0,200,Myeloproliferative disease,204,Leukemia,200-204.99,200-204.99
EUR,7,7,0,200.1,Polycythemia vera,204,Leukemia,"200-204.99, 289-289.99",200-204.99
EUR,7,0,7,364.9,Cornea replaced by transplant,365,Glaucoma,360-365.99,360-365.99
EUR,7,7,0,297,Suicidal ideation or attempt,300.1,Anxiety disorder,295-306.99,295-306.99
EUR,7,7,0,250.22,Type 2 diabetes with renal manifestations,251.1,Hypoglycemia,249-250.99,249-259.99
EUR,7,0,7,145,Cancer of mouth,155,Cancer of liver and intrahepatic bile duct,"140-149.99, 210-210.99","140-159.99, 210-211.99"
EUR,7,0,7,453,Chronic venous hypertension,455,Hemorrhoids,450-457.99,450-457.99
EUR,7,7,0,426.7,Abnormal electrocardiogram [ECG] [EKG],427,Cardiac dysrhythmias,426-427.99,426-427.99
EUR,7,7,0,381.11,Suppurative and unspecified otitis media,384,Other disorders of tympanic membrane,381-385.99,381-385.99
EUR,7,0,7,364.51,Fuchs' dystrophy,365,Glaucoma,360-365.99,360-365.99
EUR,7,0,7,364.2,Corneal edema,365,Glaucoma,360-365.99,360-365.99
EUR,7,7,0,195,"Cancer, suspected or other",198,Secondary malignant neoplasm,195-199.99,195-199.99
EUR,7,0,7,426.3,Bundle branch block,427.12,Paroxysmal ventricular tachycardia,426-427.99,426-427.99
EUR,7,0,7,200,Myeloproliferative disease,202,"Cancer of other lymphoid, histiocytic tissue",200-204.99,200-204.99
EUR,7,7,0,800,Fracture of lower limb,801,Fracture of ankle and foot,800-809.99,800-809.99
EUR,7,7,0,611,Abnormal findings on mammogram or breast exam,613,Other nonmalignant breast conditions,610-613.99,613-613.99
EUR,7,7,0,555.21,Ulcerative colitis (chronic),559,Ileostomy status,555-564.99,555-564.99
META,7,1,6,694.1,Vitiligo,695,Erythematous conditions,690-697.99,690-697.99
META,7,6,1,053.1,Herpes zoster with nervous system complications,078,Viral warts &#38; HPV,050-079.99,050-079.99
META,7,7,0,200,Myeloproliferative disease,204,Leukemia,200-204.99,200-204.99
META,7,7,0,200.1,Polycythemia vera,204,Leukemia,"200-204.99, 289-289.99",200-204.99
META,7,0,7,145,Cancer of mouth,155,Cancer of liver and intrahepatic bile duct,"140-149.99, 210-210.99","140-159.99, 210-211.99"
META,7,7,0,580.31,Nephritis and nephropathy in diseases classified elsewhere,588,Disorders resulting from impaired renal function,580-590.99,580-590.99
META,7,7,0,426.7,Abnormal electrocardiogram [ECG] [EKG],427,Cardiac dysrhythmias,426-427.99,426-427.99
META,7,7,0,195,"Cancer, suspected or other",198,Secondary malignant neoplasm,195-199.99,195-199.99
META,7,0,7,200,Myeloproliferative disease,202,"Cancer of other lymphoid, histiocytic tissue",200-204.99,200-204.99
META,7,0,7,426.3,Bundle branch block,427.12,Paroxysmal ventricular tachycardia,426-427.99,426-427.99
META,7,7,0,800,Fracture of lower limb,801,Fracture of ankle and foot,800-809.99,800-809.99
META,7,7,0,611,Abnormal findings on mammogram or breast exam,613,Other nonmalignant breast conditions,610-613.99,613-613.99
META,7,0,7,454.11,"Varicose veins of lower extremity, symptomtic",455,Hemorrhoids,450-457.99,450-457.99
META,7,7,0,555.21,Ulcerative colitis (chronic),559,Ileostomy status,555-564.99,555-564.99
AFR,6,6,0,440.2,Atherosclerosis of the extremities,444,Arterial embolism and thrombosis,440-449.99,440-449.99
AFR,6,6,0,600,Hyperplasia of prostate,185,Cancer of prostate,"185-187.99, 796-796.99, 600-602.99","185-187.99, 796-796.99, 600-602.99"
AFR,6,6,0,249,Secondary diabetes mellitus,250.1,Type 1 diabetes,249-250.99,249-250.99
AFR,6,6,0,249,Secondary diabetes mellitus,250,Diabetes mellitus,249-250.99,249-250.99
AFR,6,6,0,249,Secondary diabetes mellitus,250.3,Insulin pump user,249-250.99,249-250.99
AFR,6,6,0,249,Secondary diabetes mellitus,251.1,Hypoglycemia,249-250.99,249-259.99
AFR,6,6,0,249,Secondary diabetes mellitus,250.2,Type 2 diabetes,249-250.99,249-250.99
AFR,6,6,0,580.1,Glomerulonephritis,586,Other disorders of the kidney and ureters,580-590.99,580-590.99
AFR,6,6,0,249,Secondary diabetes mellitus,250.24,Type 2 diabetes with neurological manifestations,249-250.99,249-250.99
AFR,6,6,0,249,Secondary diabetes mellitus,250.23,Type 2 diabetes with ophthalmic manifestations,249-250.99,249-250.99
AFR,6,6,0,580.3,Nephritis and nephropathy without mention of glomerulonephritis,586,Other disorders of the kidney and ureters,580-590.99,580-590.99
AFR,6,0,6,690.1,Seborrheic dermatitis,695.4,Lupus (localized and systemic),690-697.99,"690-697.99, 335-335.99"
AFR,6,0,6,690,Erythematosquamous dermatosis,695.4,Lupus (localized and systemic),690-697.99,"690-697.99, 335-335.99"
AFR,6,6,0,249,Secondary diabetes mellitus,250.25,Diabetes type 2 with peripheral circulatory disorders,249-250.99,249-250.99
AFR,6,6,0,249,Secondary diabetes mellitus,250.22,Type 2 diabetes with renal manifestations,249-250.99,249-250.99
AFR,6,4,2,695,Erythematous conditions,709,Diffuse diseases of connective tissue,690-697.99,"690-697.99, 708-709.99"
AFR,6,6,0,317.1,Alcoholism,318,Tobacco use disorder,316-319.99,316-319.99
EUR,6,4,2,282.8,Other hemoglobinopathies,285,Other anemias,280-285.99,280-285.99
EUR,6,6,0,426.7,Abnormal electrocardiogram [ECG] [EKG],427.21,Atrial fibrillation,426-427.99,426-427.99
EUR,6,6,0,362.27,Drusen (degenerative) of retina,363,"Chorioretinal inflammations, scars, and other disorders of choroid","250.70-250.79,360-365.99",360-365.99
EUR,6,6,0,257,Testicular dysfunction,259.3,Delay in sexual development and puberty NEC,251-259.99,251-259.99
EUR,6,0,6,364.41,Keratoconus,365.11,Primary open angle glaucoma,360-365.99,360-365.99
EUR,6,6,0,580.3,Nephritis and nephropathy without mention of glomerulonephritis,588,Disorders resulting from impaired renal function,580-590.99,580-590.99
EUR,6,0,6,727.6,"Rupture of tendon, nontraumatic",728.7,Fasciitis,725-729.99,725-729.99
EUR,6,4,2,282,Hereditary hemolytic anemias,285,Other anemias,280-285.99,280-285.99
EUR,6,6,0,362.9,Retinal edema,365.1,Open-angle glaucoma,"250.70-250.79,360-365.99",360-365.99
EUR,6,6,0,426.7,Abnormal electrocardiogram [ECG] [EKG],427.2,Atrial fibrillation and flutter,426-427.99,426-427.99
EUR,6,6,0,521.1,Dental caries,523.3,Periodontitis (acute or chronic),520-526.99,520-526.99
EUR,6,6,0,800,Fracture of lower limb,801.1,Fracture of foot,800-809.99,800-809.99
EUR,6,6,0,558,Noninfectious gastroenteritis,559,Ileostomy status,555-564.99,555-564.99
EUR,6,6,0,555.1,Regional enteritis,558,Noninfectious gastroenteritis,555-564.99,555-564.99
EUR,6,0,6,426.21,First degree AV block,427.6,Premature beats,426-427.99,426-427.99
EUR,6,0,6,727.6,"Rupture of tendon, nontraumatic",728.71,Contracture of palmar fascia [Dupuytren's disease],725-729.99,725-729.99
EUR,6,1,5,694.1,Vitiligo,695.7,Prurigo and Lichen,690-697.99,690-697.99
EUR,6,6,0,580,Nephritis; nephrosis; renal sclerosis,588,Disorders resulting from impaired renal function,580-590.99,580-590.99
EUR,6,6,0,257.1,Testicular hypofunction,259.3,Delay in sexual development and puberty NEC,251-259.99,251-259.99
EUR,6,6,0,362.6,Peripheral retinal degenerations,363,"Chorioretinal inflammations, scars, and other disorders of choroid","250.70-250.79,360-365.99",360-365.99
META,6,6,0,362,Other retinal disorders,363,"Chorioretinal inflammations, scars, and other disorders of choroid","250.70-250.79,360-365.99",360-365.99
META,6,0,6,453,Chronic venous hypertension,455,Hemorrhoids,450-457.99,450-457.99
META,6,0,6,727.6,"Rupture of tendon, nontraumatic",728.7,Fasciitis,725-729.99,725-729.99
META,6,6,0,585.3,Chronic renal failure [CKD],586,Other disorders of the kidney and ureters,580-590.99,580-590.99
META,6,6,0,426.7,Abnormal electrocardiogram [ECG] [EKG],427.21,Atrial fibrillation,426-427.99,426-427.99
META,6,6,0,726.1,Enthesopathy,727,"Other disorders of synovium, tendon, and bursa",725-729.99,725-729.99
META,6,6,0,296,Mood disorders,304,Adjustment reaction,295-306.99,295-306.99
META,6,6,0,426,Cardiac conduction disorders,427.12,Paroxysmal ventricular tachycardia,426-427.99,426-427.99
META,6,6,0,339,Other headache syndromes,340,Migraine,339-340.99,339-340.99
META,6,6,0,257,Testicular dysfunction,259.3,Delay in sexual development and puberty NEC,251-259.99,251-259.99
META,6,0,6,364.41,Keratoconus,365.11,Primary open angle glaucoma,360-365.99,360-365.99
META,6,6,0,362.27,Drusen (degenerative) of retina,363,"Chorioretinal inflammations, scars, and other disorders of choroid","250.70-250.79,360-365.99",360-365.99
META,6,6,0,296.2,Depression,304,Adjustment reaction,295-306.99,295-306.99
META,6,6,0,362.9,Retinal edema,365.1,Open-angle glaucoma,"250.70-250.79,360-365.99",360-365.99
META,6,6,0,426.7,Abnormal electrocardiogram [ECG] [EKG],427.2,Atrial fibrillation and flutter,426-427.99,426-427.99
META,6,6,0,555.1,Regional enteritis,558,Noninfectious gastroenteritis,555-564.99,555-564.99
META,6,6,0,558,Noninfectious gastroenteritis,559,Ileostomy status,555-564.99,555-564.99
META,6,0,6,727.6,"Rupture of tendon, nontraumatic",728.71,Contracture of palmar fascia [Dupuytren's disease],725-729.99,725-729.99
META,6,0,6,426.21,First degree AV block,427.6,Premature beats,426-427.99,426-427.99
META,6,6,0,362.22,"Macular degeneration, wet",365.1,Open-angle glaucoma,"250.70-250.79,360-365.99",360-365.99
META,6,6,0,800,Fracture of lower limb,801.1,Fracture of foot,800-809.99,800-809.99
META,6,0,6,250.7,Diabetic retinopathy,364,Corneal opacity and other disorders of cornea,"250.70-250.79,360-365.99",360-365.99
META,6,6,0,257.1,Testicular hypofunction,259.3,Delay in sexual development and puberty NEC,251-259.99,251-259.99
META,6,6,0,362.6,Peripheral retinal degenerations,363,"Chorioretinal inflammations, scars, and other disorders of choroid","250.70-250.79,360-365.99",360-365.99
AFR,5,1,4,250.7,Diabetic retinopathy,365.1,Open-angle glaucoma,"250.70-250.79,360-365.99",360-365.99
AFR,5,5,0,290.16,Vascular dementia,292.4,Altered mental status,290-292.99,290-292.99
AFR,5,5,0,290.1,Dementias,292.4,Altered mental status,290-292.99,290-292.99
AFR,5,5,0,290.11,Alzheimer's disease,292.4,Altered mental status,290-292.99,290-292.99
AFR,5,5,0,440,Atherosclerosis,443.9,"Peripheral vascular disease, unspecified",440-449.99,440-449.99
AFR,5,0,5,694.1,Vitiligo,697,Sarcoidosis,690-697.99,690-697.99
AFR,5,5,0,290,Delirium dementia and amnestic and other cognitive disorders,292.4,Altered mental status,290-292.99,290-292.99
EUR,5,5,0,496.21,Obstructive chronic bronchitis,497,Bronchitis,490-498.99,490-498.99
EUR,5,0,5,426.2,Atrioventricular [AV] block,427.11,Paroxysmal supraventricular tachycardia,426-427.99,426-427.99
EUR,5,5,0,200.1,Polycythemia vera,204.1,Lymphoid leukemia,"200-204.99, 289-289.99",200-204.99
EUR,5,5,0,200,Myeloproliferative disease,204.1,Lymphoid leukemia,200-204.99,200-204.99
EUR,5,5,0,585,Renal failure,586,Other disorders of the kidney and ureters,580-590.99,580-590.99
EUR,5,1,4,690.1,Seborrheic dermatitis,695.4,Lupus (localized and systemic),690-697.99,"690-697.99, 335-335.99"
EUR,5,5,0,426.7,Abnormal electrocardiogram [ECG] [EKG],427.7,Tachycardia NOS,426-427.99,426-427.99
EUR,5,5,0,250.42,Other abnormal glucose,251.1,Hypoglycemia,249-250.99,249-259.99
EUR,5,2,3,426.3,Bundle branch block,427,Cardiac dysrhythmias,426-427.99,426-427.99
EUR,5,5,0,200,Myeloproliferative disease,204.12,"Lymphoid leukemia, chronic",200-204.99,200-204.99
EUR,5,5,0,426.25,Other heart block,427.22,Atrial flutter,426-427.99,426-427.99
EUR,5,1,4,690,Erythematosquamous dermatosis,695.4,Lupus (localized and systemic),690-697.99,"690-697.99, 335-335.99"
EUR,5,5,0,394,Rheumatic disease of the heart valves,395,Heart valve disorders,394-399.99,394-399.99
EUR,5,5,0,362.27,Drusen (degenerative) of retina,363.3,Chorioretinal scars,"250.70-250.79,360-365.99",360-365.99
EUR,5,5,0,200.1,Polycythemia vera,204.12,"Lymphoid leukemia, chronic","200-204.99, 289-289.99",200-204.99
EUR,5,0,5,200.1,Polycythemia vera,202,"Cancer of other lymphoid, histiocytic tissue","200-204.99, 289-289.99",200-204.99
EUR,5,5,0,440,Atherosclerosis,447,Other disorders of arteries and arterioles,440-449.99,440-449.99
EUR,5,5,0,394,Rheumatic disease of the heart valves,395.2,Nonrheumatic aortic valve disorders,394-399.99,394-399.99
EUR,5,5,0,362.6,Peripheral retinal degenerations,363.3,Chorioretinal scars,"250.70-250.79,360-365.99",360-365.99
EUR,5,5,0,394,Rheumatic disease of the heart valves,395.6,Heart valve replaced,394-399.99,394-399.99
EUR,5,5,0,250.25,Diabetes type 2 with peripheral circulatory disorders,251.1,Hypoglycemia,249-250.99,249-259.99
EUR,5,5,0,394,Rheumatic disease of the heart valves,396,Abnormal heart sounds,394-399.99,394-399.99
META,5,5,0,496.21,Obstructive chronic bronchitis,497,Bronchitis,490-498.99,490-498.99
META,5,5,0,364.5,Corneal dystrophy,365.1,Open-angle glaucoma,360-365.99,360-365.99
META,5,0,5,426.2,Atrioventricular [AV] block,427.11,Paroxysmal supraventricular tachycardia,426-427.99,426-427.99
META,5,5,0,250.42,Other abnormal glucose,251.1,Hypoglycemia,249-250.99,249-259.99
META,5,5,0,200.1,Polycythemia vera,204.1,Lymphoid leukemia,"200-204.99, 289-289.99",200-204.99
META,5,5,0,200,Myeloproliferative disease,204.1,Lymphoid leukemia,200-204.99,200-204.99
META,5,5,0,300.1,Anxiety disorder,304,Adjustment reaction,295-306.99,295-306.99
META,5,5,0,362,Other retinal disorders,363.3,Chorioretinal scars,"250.70-250.79,360-365.99",360-365.99
META,5,0,5,451.2,Phlebitis and thrombophlebitis of lower extremities,455,Hemorrhoids,450-457.99,450-457.99
META,5,0,5,364.9,Cornea replaced by transplant,365,Glaucoma,360-365.99,360-365.99
META,5,5,0,426.7,Abnormal electrocardiogram [ECG] [EKG],427.7,Tachycardia NOS,426-427.99,426-427.99
META,5,5,0,200.1,Polycythemia vera,204.12,"Lymphoid leukemia, chronic","200-204.99, 289-289.99",200-204.99
META,5,5,0,200,Myeloproliferative disease,204.12,"Lymphoid leukemia, chronic",200-204.99,200-204.99
META,5,5,0,426.25,Other heart block,427.22,Atrial flutter,426-427.99,426-427.99
META,5,0,5,364.2,Corneal edema,365,Glaucoma,360-365.99,360-365.99
META,5,5,0,300,"Anxiety, phobic and dissociative disorders",304,Adjustment reaction,295-306.99,295-306.99
META,5,5,0,394,Rheumatic disease of the heart valves,395,Heart valve disorders,394-399.99,394-399.99
META,5,0,5,364.51,Fuchs' dystrophy,365,Glaucoma,360-365.99,360-365.99
META,5,5,0,440,Atherosclerosis,447,Other disorders of arteries and arterioles,440-449.99,440-449.99
META,5,5,0,394,Rheumatic disease of the heart valves,395.2,Nonrheumatic aortic valve disorders,394-399.99,394-399.99
META,5,0,5,200.1,Polycythemia vera,202,"Cancer of other lymphoid, histiocytic tissue","200-204.99, 289-289.99",200-204.99
META,5,5,0,297,Suicidal ideation or attempt,300.1,Anxiety disorder,295-306.99,295-306.99
META,5,5,0,362.6,Peripheral retinal degenerations,363.3,Chorioretinal scars,"250.70-250.79,360-365.99",360-365.99
META,5,5,0,362.27,Drusen (degenerative) of retina,363.3,Chorioretinal scars,"250.70-250.79,360-365.99",360-365.99
META,5,5,0,394,Rheumatic disease of the heart valves,395.6,Heart valve replaced,394-399.99,394-399.99
META,5,5,0,394,Rheumatic disease of the heart valves,396,Abnormal heart sounds,394-399.99,394-399.99
AFR,4,4,0,362.6,Peripheral retinal degenerations,365,Glaucoma,"250.70-250.79,360-365.99",360-365.99
AFR,4,4,0,440,Atherosclerosis,443,Peripheral vascular disease,440-449.99,440-449.99
AFR,4,4,0,452.2,Deep vein thrombosis [DVT],454.11,"Varicose veins of lower extremity, symptomtic",450-457.99,450-457.99
AFR,4,4,0,440.2,Atherosclerosis of the extremities,443,Peripheral vascular disease,440-449.99,440-449.99
AFR,4,4,0,316,Substance addiction and disorders,318,Tobacco use disorder,316-319.99,316-319.99
AFR,4,4,0,290,Delirium dementia and amnestic and other cognitive disorders,292.3,Memory loss,290-292.99,290-292.99
AFR,4,0,4,250.7,Diabetic retinopathy,365.11,Primary open angle glaucoma,"250.70-250.79,360-365.99",360-365.99
AFR,4,4,0,290.16,Vascular dementia,292.3,Memory loss,290-292.99,290-292.99
AFR,4,4,0,290.1,Dementias,292.3,Memory loss,290-292.99,290-292.99
AFR,4,4,0,290.11,Alzheimer's disease,292.3,Memory loss,290-292.99,290-292.99
AFR,4,4,0,440.22,Atherosclerosis of native arteries of the extremities with intermittent claudication,443.9,"Peripheral vascular disease, unspecified",440-449.99,440-449.99
AFR,4,4,0,196,Radiotherapy,198,Secondary malignant neoplasm,195-199.99,195-199.99
AFR,4,4,0,452,Other venous embolism and thrombosis,454.11,"Varicose veins of lower extremity, symptomtic",450-457.99,450-457.99
EUR,4,4,0,580.3,Nephritis and nephropathy without mention of glomerulonephritis,585.2,Renal failure NOS,580-590.99,580-590.99
EUR,4,0,4,426.23,Second degree AV block,427,Cardiac dysrhythmias,426-427.99,426-427.99
EUR,4,4,0,442.11,Abdominal aortic aneurysm,447,Other disorders of arteries and arterioles,440-449.99,440-449.99
EUR,4,4,0,443.9,"Peripheral vascular disease, unspecified",447,Other disorders of arteries and arterioles,440-449.99,440-449.99
EUR,4,4,0,440.2,Atherosclerosis of the extremities,447,Other disorders of arteries and arterioles,440-449.99,440-449.99
EUR,4,0,4,426.23,Second degree AV block,427.22,Atrial flutter,426-427.99,426-427.99
EUR,4,4,0,560,Intestinal obstruction without mention of hernia,562,Diverticulosis and diverticulitis,555-564.99,555-564.99
EUR,4,4,0,442.2,Aneurysm of iliac artery,447,Other disorders of arteries and arterioles,440-449.99,440-449.99
EUR,4,4,0,726,Peripheral enthesopathies and allied syndromes,727.1,Synovitis and tenosynovitis,725-729.99,725-729.99
EUR,4,4,0,720.1,Spinal stenosis of lumbar region,722.1,Displacement of intervertebral disc,720-724.99,720-724.99
EUR,4,4,0,394.1,Mitral valve stenosis and aortic valve stenosis,395.2,Nonrheumatic aortic valve disorders,394-399.99,394-399.99
EUR,4,4,0,443,Peripheral vascular disease,447,Other disorders of arteries and arterioles,440-449.99,440-449.99
EUR,4,4,0,442.1,Aortic aneurysm,447,Other disorders of arteries and arterioles,440-449.99,440-449.99
EUR,4,4,0,394.1,Mitral valve stenosis and aortic valve stenosis,395,Heart valve disorders,394-399.99,394-399.99
EUR,4,4,0,444,Arterial embolism and thrombosis,447,Other disorders of arteries and arterioles,440-449.99,440-449.99
EUR,4,4,0,523,Gingival and periodontal diseases,525.1,Loss of teeth or edentulism,520-526.99,520-526.99
EUR,4,4,0,250.7,Diabetic retinopathy,364.9,Cornea replaced by transplant,"250.70-250.79,360-365.99",360-365.99
EUR,4,4,0,440.22,Atherosclerosis of native arteries of the extremities with intermittent claudication,447,Other disorders of arteries and arterioles,440-449.99,440-449.99
EUR,4,4,0,394.1,Mitral valve stenosis and aortic valve stenosis,396,Abnormal heart sounds,394-399.99,394-399.99
EUR,4,4,0,580.31,Nephritis and nephropathy in diseases classified elsewhere,585.2,Renal failure NOS,580-590.99,580-590.99
EUR,4,4,0,523.31,Acute periodontitis,525.1,Loss of teeth or edentulism,520-526.99,520-526.99
EUR,4,0,4,200,Myeloproliferative disease,202.2,Non-Hodgkins lymphoma,200-204.99,200-204.99
EUR,4,4,0,394.1,Mitral valve stenosis and aortic valve stenosis,395.6,Heart valve replaced,394-399.99,394-399.99
EUR,4,4,0,442,Other aneurysm,447,Other disorders of arteries and arterioles,440-449.99,440-449.99
EUR,4,4,0,523.31,Acute periodontitis,525,Other diseases of the teeth and supporting structures,520-526.99,520-526.99
META,4,4,0,580.1,Glomerulonephritis,586,Other disorders of the kidney and ureters,580-590.99,580-590.99
META,4,4,0,586,Other disorders of the kidney and ureters,587,Kidney replaced by transpant,580-590.99,580-590.99
META,4,4,0,585.33,"Chronic Kidney Disease, Stage III",586,Other disorders of the kidney and ureters,580-590.99,580-590.99
META,4,1,3,426.3,Bundle branch block,427,Cardiac dysrhythmias,426-427.99,426-427.99
META,4,4,0,443,Peripheral vascular disease,447,Other disorders of arteries and arterioles,440-449.99,440-449.99
META,4,4,0,580,Nephritis; nephrosis; renal sclerosis,586,Other disorders of the kidney and ureters,580-590.99,580-590.99
META,4,4,0,726,Peripheral enthesopathies and allied syndromes,727.1,Synovitis and tenosynovitis,725-729.99,725-729.99
META,4,4,0,442.2,Aneurysm of iliac artery,447,Other disorders of arteries and arterioles,440-449.99,440-449.99
META,4,4,0,720.1,Spinal stenosis of lumbar region,722.1,Displacement of intervertebral disc,720-724.99,720-724.99
META,4,4,0,296.2,Depression,297.1,Suicidal ideation,295-306.99,295-306.99
META,4,4,0,442.11,Abdominal aortic aneurysm,447,Other disorders of arteries and arterioles,440-449.99,440-449.99
META,4,4,0,443.9,"Peripheral vascular disease, unspecified",447,Other disorders of arteries and arterioles,440-449.99,440-449.99
META,4,4,0,440.2,Atherosclerosis of the extremities,447,Other disorders of arteries and arterioles,440-449.99,440-449.99
META,4,0,4,426.23,Second degree AV block,427.22,Atrial flutter,426-427.99,426-427.99
META,4,4,0,381.11,Suppurative and unspecified otitis media,384,Other disorders of tympanic membrane,381-385.99,381-385.99
META,4,4,0,586,Other disorders of the kidney and ureters,588,Disorders resulting from impaired renal function,580-590.99,580-590.99
META,4,4,0,394.1,Mitral valve stenosis and aortic valve stenosis,395.2,Nonrheumatic aortic valve disorders,394-399.99,394-399.99
META,4,4,0,585.31,Renal dialysis,586,Other disorders of the kidney and ureters,580-590.99,580-590.99
META,4,4,0,444,Arterial embolism and thrombosis,447,Other disorders of arteries and arterioles,440-449.99,440-449.99
META,4,4,0,394.1,Mitral valve stenosis and aortic valve stenosis,395,Heart valve disorders,394-399.99,394-399.99
META,4,4,0,442.1,Aortic aneurysm,447,Other disorders of arteries and arterioles,440-449.99,440-449.99
META,4,4,0,196,Radiotherapy,198,Secondary malignant neoplasm,195-199.99,195-199.99
META,4,1,3,555.21,Ulcerative colitis (chronic),561.1,Diarrhea,555-564.99,555-564.99
META,4,4,0,440.22,Atherosclerosis of native arteries of the extremities with intermittent claudication,447,Other disorders of arteries and arterioles,440-449.99,440-449.99
META,4,4,0,394.1,Mitral valve stenosis and aortic valve stenosis,396,Abnormal heart sounds,394-399.99,394-399.99
META,4,4,0,580.3,Nephritis and nephropathy without mention of glomerulonephritis,586,Other disorders of the kidney and ureters,580-590.99,580-590.99
META,4,0,4,200,Myeloproliferative disease,202.2,Non-Hodgkins lymphoma,200-204.99,200-204.99
META,4,4,0,585.34,"Chronic Kidney Disease, Stage IV",586,Other disorders of the kidney and ureters,580-590.99,580-590.99
META,4,4,0,560,Intestinal obstruction without mention of hernia,562,Diverticulosis and diverticulitis,555-564.99,555-564.99
META,4,4,0,586,Other disorders of the kidney and ureters,588.2,Secondary hyperparathyroidism (of renal origin),580-590.99,580-590.99
META,4,4,0,585.2,Renal failure NOS,586,Other disorders of the kidney and ureters,580-590.99,580-590.99
META,4,4,0,394.1,Mitral valve stenosis and aortic valve stenosis,395.6,Heart valve replaced,394-399.99,394-399.99
META,4,4,0,722,Intervertebral disc disorders,724,Other and unspecified disorders of back,720-724.99,720-724.99
META,4,4,0,585.32,End stage renal disease,586,Other disorders of the kidney and ureters,580-590.99,580-590.99
META,4,4,0,442,Other aneurysm,447,Other disorders of arteries and arterioles,440-449.99,440-449.99
AFR,3,0,3,695.42,Systemic lupus erythematosus,696.41,Psoriasis vulgaris,"690-697.99, 335-335.99","690-697.99, 714-714.99"
AFR,3,0,3,695.4,Lupus (localized and systemic),696.41,Psoriasis vulgaris,"690-697.99, 335-335.99","690-697.99, 714-714.99"
AFR,3,0,3,695.41,Cutaneous lupus erythematosus,696.4,Psoriasis,"690-697.99, 335-335.99","690-697.99, 714-714.99"
AFR,3,3,0,580.32,Nephritis and nephropathy with pathological lesion,586,Other disorders of the kidney and ureters,580-590.99,580-590.99
AFR,3,3,0,585.34,"Chronic Kidney Disease, Stage IV",588.1,Renal osteodystrophy,580-590.99,580-590.99
AFR,3,3,0,440.22,Atherosclerosis of native arteries of the extremities with intermittent claudication,443,Peripheral vascular disease,440-449.99,440-449.99
AFR,3,3,0,585.32,End stage renal disease,588.1,Renal osteodystrophy,580-590.99,580-590.99
AFR,3,3,0,250.7,Diabetic retinopathy,362.9,Retinal edema,"250.70-250.79,360-365.99","250.70-250.79,360-365.99"
AFR,3,3,0,249,Secondary diabetes mellitus,250.13,Type 1 diabetes with ophthalmic manifestations,249-250.99,249-250.99
AFR,3,3,0,440.21,Atherosclerosis of native arteries of the extremities with ulceration or gangrene,443,Peripheral vascular disease,440-449.99,440-449.99
AFR,3,0,3,695.42,Systemic lupus erythematosus,696.4,Psoriasis,"690-697.99, 335-335.99","690-697.99, 714-714.99"
AFR,3,0,3,695.4,Lupus (localized and systemic),696.4,Psoriasis,"690-697.99, 335-335.99","690-697.99, 714-714.99"
AFR,3,0,3,695.41,Cutaneous lupus erythematosus,696.41,Psoriasis vulgaris,"690-697.99, 335-335.99","690-697.99, 714-714.99"
AFR,3,3,0,585.31,Renal dialysis,588.1,Renal osteodystrophy,580-590.99,580-590.99
AFR,3,3,0,362.9,Retinal edema,365,Glaucoma,"250.70-250.79,360-365.99",360-365.99
AFR,3,3,0,041.1,Staphylococcus infections,038,Septicemia,010-041.99,010-041.99
AFR,3,3,0,851,Complications of transplants and reattached limbs,854,"Complications of cardiac/vascular device, implant, and graft",850-859.99,850-859.99
AFR,3,3,0,720,Spinal stenosis,722.7,Intervertebral disc disorder with myelopathy,720-724.99,720-724.99
AFR,3,3,0,440.21,Atherosclerosis of native arteries of the extremities with ulceration or gangrene,443.9,"Peripheral vascular disease, unspecified",440-449.99,440-449.99
EUR,3,3,0,871,Open wounds of extremities,875,Non-healing surgical wound,870-879.99,870-879.99
EUR,3,3,0,578.9,Hemorrhage of gastrointestinal tract,579.2,Splenomegaly,578-579.99,578-579.99
EUR,3,3,0,720,Spinal stenosis,724,Other and unspecified disorders of back,720-724.99,720-724.99
EUR,3,3,0,578.9,Hemorrhage of gastrointestinal tract,579,Other symptoms involving abdomen and pelvis,578-579.99,578-579.99
EUR,3,3,0,362.23,Cystoid macular degeneration of retina,365,Glaucoma,"250.70-250.79,360-365.99",360-365.99
EUR,3,3,0,555.1,Regional enteritis,561.1,Diarrhea,555-564.99,555-564.99
EUR,3,3,0,297,Suicidal ideation or attempt,300.4,Dysthymic disorder,295-306.99,295-306.99
EUR,3,0,3,337.1,Peripheral autonomic neuropathy,348.8,"Encephalopathy, not elsewhere classified","330-337.99, 341-349.99","330-337.99, 341-349.99"
EUR,3,3,0,559,Ileostomy status,561.1,Diarrhea,555-564.99,555-564.99
EUR,3,3,0,585.3,Chronic renal failure [CKD],586,Other disorders of the kidney and ureters,580-590.99,580-590.99
EUR,3,3,0,720.1,Spinal stenosis of lumbar region,721.2,Spondylosis with myelopathy,720-724.99,720-724.99
EUR,3,3,0,426.32,Left bundle branch block,427.21,Atrial fibrillation,426-427.99,426-427.99
EUR,3,3,0,288,Diseases of white blood cells,289.5,Diseases of spleen,288-289.99,288-289.99
EUR,3,3,0,722.6,Degeneration of intervertebral disc,724,Other and unspecified disorders of back,720-724.99,720-724.99
EUR,3,0,3,337.1,Peripheral autonomic neuropathy,348,Other conditions of brain,"330-337.99, 341-349.99","330-337.99, 341-349.99"
EUR,3,1,2,364.5,Corneal dystrophy,365.11,Primary open angle glaucoma,360-365.99,360-365.99
EUR,3,3,0,464,Acute sinusitis,465,Acute upper respiratory infections of multiple or unspecified sites,460-469.99,460-469.99
EUR,3,0,3,200.1,Polycythemia vera,202.2,Non-Hodgkins lymphoma,"200-204.99, 289-289.99",200-204.99
EUR,3,3,0,297.1,Suicidal ideation,300,"Anxiety, phobic and dissociative disorders",295-306.99,295-306.99
EUR,3,3,0,426.32,Left bundle branch block,427.2,Atrial fibrillation and flutter,426-427.99,426-427.99
EUR,3,3,0,560,Intestinal obstruction without mention of hernia,562.1,Diverticulosis,555-564.99,555-564.99
EUR,3,3,0,580,Nephritis; nephrosis; renal sclerosis,585.2,Renal failure NOS,580-590.99,580-590.99
EUR,3,3,0,800.1,Fracture of neck of femur,803,Fracture of upper limb,800-809.99,800-809.99
EUR,3,3,0,720.1,Spinal stenosis of lumbar region,724,Other and unspecified disorders of back,720-724.99,720-724.99
META,3,3,0,296.22,Major depressive disorder,297.1,Suicidal ideation,295-306.99,295-306.99
META,3,3,0,578.9,Hemorrhage of gastrointestinal tract,579.2,Splenomegaly,578-579.99,578-579.99
META,3,3,0,559,Ileostomy status,561.1,Diarrhea,555-564.99,555-564.99
META,3,3,0,720,Spinal stenosis,724,Other and unspecified disorders of back,720-724.99,720-724.99
META,3,3,0,578.9,Hemorrhage of gastrointestinal tract,579,Other symptoms involving abdomen and pelvis,578-579.99,578-579.99
META,3,3,0,296.22,Major depressive disorder,304,Adjustment reaction,295-306.99,295-306.99
META,3,3,0,288,Diseases of white blood cells,289.5,Diseases of spleen,288-289.99,288-289.99
META,3,3,0,426.32,Left bundle branch block,427.21,Atrial fibrillation,426-427.99,426-427.99
META,3,3,0,722.6,Degeneration of intervertebral disc,724,Other and unspecified disorders of back,720-724.99,720-724.99
META,3,0,3,337.1,Peripheral autonomic neuropathy,348.8,"Encephalopathy, not elsewhere classified","330-337.99, 341-349.99","330-337.99, 341-349.99"
META,3,3,0,720.1,Spinal stenosis of lumbar region,721.2,Spondylosis with myelopathy,720-724.99,720-724.99
META,3,3,0,242.2,Toxic multinodular goiter,244.1,Secondary hypothyroidism,240-246.99,240-246.99
META,3,3,0,523,Gingival and periodontal diseases,525.1,Loss of teeth or edentulism,520-526.99,520-526.99
META,3,0,3,337.1,Peripheral autonomic neuropathy,348,Other conditions of brain,"330-337.99, 341-349.99","330-337.99, 341-349.99"
META,3,3,0,851,Complications of transplants and reattached limbs,854,"Complications of cardiac/vascular device, implant, and graft",850-859.99,850-859.99
META,3,3,0,720,Spinal stenosis,722.7,Intervertebral disc disorder with myelopathy,720-724.99,720-724.99
META,3,3,0,041.1,Staphylococcus infections,038,Septicemia,010-041.99,010-041.99
META,3,0,3,200.1,Polycythemia vera,202.2,Non-Hodgkins lymphoma,"200-204.99, 289-289.99",200-204.99
META,3,3,0,426.32,Left bundle branch block,427.2,Atrial fibrillation and flutter,426-427.99,426-427.99
META,3,3,0,560,Intestinal obstruction without mention of hernia,562.1,Diverticulosis,555-564.99,555-564.99
META,3,3,0,721.1,Spondylosis without myelopathy,722.1,Displacement of intervertebral disc,720-724.99,720-724.99
META,3,3,0,720.1,Spinal stenosis of lumbar region,724,Other and unspecified disorders of back,720-724.99,720-724.99
META,3,3,0,800.1,Fracture of neck of femur,803,Fracture of upper limb,800-809.99,800-809.99
AFR,2,2,0,571.81,Portal hypertension,573.6,Nonspecific elevation of levels of transaminase or lactic acid dehydrogenase [LDH],570-573.99,570-573.99
AFR,2,2,0,208,Benign neoplasm of colon,153.2,Colon cancer,"153-153.99, 208-208.99","150-159.99, 208-208.99"
AFR,2,2,0,452,Other venous embolism and thrombosis,456,Chronic venous insufficiency [CVI],450-457.99,450-457.99
AFR,2,2,0,451,Phlebitis and thrombophlebitis,454.11,"Varicose veins of lower extremity, symptomtic",450-457.99,450-457.99
AFR,2,2,0,240,Simple and unspecified goiter,242.2,Toxic multinodular goiter,240-246.99,240-246.99
AFR,2,2,0,521.1,Dental caries,525,Other diseases of the teeth and supporting structures,520-526.99,520-526.99
AFR,2,2,0,695.7,Prurigo and Lichen,696.4,Psoriasis,690-697.99,"690-697.99, 714-714.99"
AFR,2,2,0,571.51,Cirrhosis of liver without mention of alcohol,573.6,Nonspecific elevation of levels of transaminase or lactic acid dehydrogenase [LDH],570-573.99,570-573.99
AFR,2,2,0,241,Nontoxic nodular goiter,242.2,Toxic multinodular goiter,240-246.99,240-246.99
AFR,2,1,1,696.42,Psoriatic arthropathy,697,Sarcoidosis,"690-697.99, 714-714.99",690-697.99
AFR,2,2,0,208,Benign neoplasm of colon,153,Colorectal cancer,"153-153.99, 208-208.99","150-159.99, 208-208.99"
AFR,2,2,0,523,Gingival and periodontal diseases,525,Other diseases of the teeth and supporting structures,520-526.99,520-526.99
AFR,2,2,0,241.1,Nontoxic uninodular goiter,242.2,Toxic multinodular goiter,240-246.99,240-246.99
AFR,2,2,0,282,Hereditary hemolytic anemias,285.21,Anemia in chronic kidney disease,280-285.99,280-285.99
AFR,2,2,0,571.5,Other chronic nonalcoholic liver disease,573.6,Nonspecific elevation of levels of transaminase or lactic acid dehydrogenase [LDH],570-573.99,570-573.99
AFR,2,2,0,452.2,Deep vein thrombosis [DVT],456,Chronic venous insufficiency [CVI],450-457.99,450-457.99
AFR,2,0,2,696.4,Psoriasis,709,Diffuse diseases of connective tissue,"690-697.99, 714-714.99","690-697.99, 708-709.99"
AFR,2,2,0,241.2,Nontoxic multinodular goiter,242.2,Toxic multinodular goiter,240-246.99,240-246.99
AFR,2,2,0,440,Atherosclerosis,442.11,Abdominal aortic aneurysm,440-449.99,440-449.99
AFR,2,2,0,250.7,Diabetic retinopathy,362.27,Drusen (degenerative) of retina,"250.70-250.79,360-365.99","250.70-250.79,360-365.99"
AFR,2,2,0,695.7,Prurigo and Lichen,696,Psoriasis and related disorders,690-697.99,"690-697.99, 714-714.99"
AFR,2,2,0,695.7,Prurigo and Lichen,696.41,Psoriasis vulgaris,690-697.99,"690-697.99, 714-714.99"
AFR,2,2,0,451.2,Phlebitis and thrombophlebitis of lower extremities,456,Chronic venous insufficiency [CVI],450-457.99,450-457.99
AFR,2,0,2,696.41,Psoriasis vulgaris,709,Diffuse diseases of connective tissue,"690-697.99, 714-714.99","690-697.99, 708-709.99"
AFR,2,2,0,242.2,Toxic multinodular goiter,246.7,Abnormal results of function study of thyroid,240-246.99,240-246.99
AFR,2,2,0,242.2,Toxic multinodular goiter,246,Other disorders of thyroid,240-246.99,240-246.99
AFR,2,2,0,242.2,Toxic multinodular goiter,244.1,Secondary hypothyroidism,240-246.99,240-246.99
AFR,2,2,0,571.8,Liver abscess and sequelae of chronic liver disease,573.6,Nonspecific elevation of levels of transaminase or lactic acid dehydrogenase [LDH],570-573.99,570-573.99
AFR,2,2,0,250.7,Diabetic retinopathy,362.2,Degeneration of macula and posterior pole of retina,"250.70-250.79,360-365.99","250.70-250.79,360-365.99"
AFR,2,2,0,571,Chronic liver disease and cirrhosis,573.6,Nonspecific elevation of levels of transaminase or lactic acid dehydrogenase [LDH],570-573.99,570-573.99
AFR,2,2,0,451,Phlebitis and thrombophlebitis,456,Chronic venous insufficiency [CVI],450-457.99,450-457.99
AFR,2,2,0,580.12,Non-proliferative glomerulonephritis,586,Other disorders of the kidney and ureters,580-590.99,580-590.99
EUR,2,2,0,426.9,Cardiac pacemaker/device in situ,427.4,Cardiac arrest and ventricular fibrillation,426-427.99,426-427.99
EUR,2,1,1,280,Iron deficiency anemias,282.8,Other hemoglobinopathies,280-285.99,280-285.99
EUR,2,2,0,521.1,Dental caries,523.31,Acute periodontitis,520-526.99,520-526.99
EUR,2,2,0,559,Ileostomy status,561,Symptoms involving digestive system,555-564.99,555-564.99
EUR,2,2,0,721.1,Spondylosis without myelopathy,724,Other and unspecified disorders of back,720-724.99,720-724.99
EUR,2,2,0,426.7,Abnormal electrocardiogram [ECG] [EKG],427.3,Other specified cardiac dysrhythmias,426-427.99,426-427.99
EUR,2,2,0,381,Otitis media and Eustachian tube disorders,385,Other disorders of middle ear and mastoid,381-385.99,381-385.99
EUR,2,2,0,381.1,Otitis media,385,Other disorders of middle ear and mastoid,381-385.99,381-385.99
EUR,2,2,0,295.1,Schizophrenia,296.2,Depression,295-306.99,295-306.99
EUR,2,2,0,426,Cardiac conduction disorders,427.4,Cardiac arrest and ventricular fibrillation,426-427.99,426-427.99
EUR,2,2,0,381.11,Suppurative and unspecified otitis media,384.4,Perforation of tympanic membrane,381-385.99,381-385.99
EUR,2,2,0,426.92,Cardiac defibrillator in situ,427.4,Cardiac arrest and ventricular fibrillation,426-427.99,426-427.99
EUR,2,2,0,381.2,Eustachian tube disorders,384.4,Perforation of tympanic membrane,381-385.99,381-385.99
EUR,2,2,0,244.1,Secondary hypothyroidism,245,Thyroiditis,240-246.99,240-246.99
EUR,2,0,2,426.9,Cardiac pacemaker/device in situ,427.11,Paroxysmal supraventricular tachycardia,426-427.99,426-427.99
EUR,2,0,2,280,Iron deficiency anemias,282,Hereditary hemolytic anemias,280-285.99,280-285.99
EUR,2,2,0,200.1,Polycythemia vera,204.2,Myeloid leukemia,"200-204.99, 289-289.99",200-204.99
EUR,2,2,0,523.1,Gingivitis,525.1,Loss of teeth or edentulism,520-526.99,520-526.99
EUR,2,2,0,295.1,Schizophrenia,296,Mood disorders,295-306.99,295-306.99
EUR,2,2,0,504.1,Idiopathic fibrosing alveolitis,509.8,Dependence on respirator [Ventilator] or supplemental oxygen,500-509.99,500-509.99
EUR,2,1,1,280.1,"Iron deficiency anemias, unspecified or not due to blood loss",282.8,Other hemoglobinopathies,280-285.99,280-285.99
EUR,2,0,2,426.2,Atrioventricular [AV] block,427.12,Paroxysmal ventricular tachycardia,426-427.99,426-427.99
EUR,2,2,0,502,Postinflammatory pulmonary fibrosis,509.8,Dependence on respirator [Ventilator] or supplemental oxygen,500-509.99,500-509.99
EUR,2,2,0,585.34,"Chronic Kidney Disease, Stage IV",586.2,"Cyst of kidney, acquired",580-590.99,580-590.99
EUR,2,2,0,296,Mood disorders,297.2,Suicide or self-inflicted injury,295-306.99,295-306.99
EUR,2,2,0,381.2,Eustachian tube disorders,385,Other disorders of middle ear and mastoid,381-385.99,381-385.99
EUR,2,2,0,288.2,Elevated white blood cell count,289.5,Diseases of spleen,288-289.99,288-289.99
EUR,2,2,0,381,Otitis media and Eustachian tube disorders,384.4,Perforation of tympanic membrane,381-385.99,381-385.99
EUR,2,2,0,710.19,Unspecified osteomyelitis,713.5,Arthropathy associated with neurological disorders,710-716.99,710-716.99
EUR,2,2,0,381.11,Suppurative and unspecified otitis media,385,Other disorders of middle ear and mastoid,381-385.99,381-385.99
EUR,2,2,0,504,Other alveolar and parietoalveolar pneumonopathy,509.8,Dependence on respirator [Ventilator] or supplemental oxygen,500-509.99,500-509.99
EUR,2,2,0,381.1,Otitis media,384.4,Perforation of tympanic membrane,381-385.99,381-385.99
EUR,2,2,0,523.1,Gingivitis,525,Other diseases of the teeth and supporting structures,520-526.99,520-526.99
EUR,2,0,2,362.29,Macular degeneration (senile) of retina NOS,365.11,Primary open angle glaucoma,"250.70-250.79,360-365.99",360-365.99
EUR,2,2,0,384,Other disorders of tympanic membrane,385,Other disorders of middle ear and mastoid,381-385.99,381-385.99
EUR,2,2,0,763,"Thoracic or lumbosacral neuritis or radiculitis, unspecified",765,Cervical radiculitis,763-767.99,763-767.99
EUR,2,0,2,280.1,"Iron deficiency anemias, unspecified or not due to blood loss",282,Hereditary hemolytic anemias,280-285.99,280-285.99
EUR,2,2,0,800.1,Fracture of neck of femur,803.1,Fracture of humerus,800-809.99,800-809.99
EUR,2,2,0,208,Benign neoplasm of colon,153.3,"Malignant neoplasm of rectum, rectosigmoid junction, and anus","153-153.99, 208-208.99","150-159.99, 208-208.99"
META,2,2,0,871,Open wounds of extremities,875,Non-healing surgical wound,870-879.99,870-879.99
META,2,2,0,426.9,Cardiac pacemaker/device in situ,427.4,Cardiac arrest and ventricular fibrillation,426-427.99,426-427.99
META,2,2,0,559,Ileostomy status,561,Symptoms involving digestive system,555-564.99,555-564.99
META,2,2,0,521.1,Dental caries,523.31,Acute periodontitis,520-526.99,520-526.99
META,2,2,0,580.32,Nephritis and nephropathy with pathological lesion,586,Other disorders of the kidney and ureters,580-590.99,580-590.99
META,2,2,0,381,Otitis media and Eustachian tube disorders,385,Other disorders of middle ear and mastoid,381-385.99,381-385.99
META,2,2,0,426.7,Abnormal electrocardiogram [ECG] [EKG],427.3,Other specified cardiac dysrhythmias,426-427.99,426-427.99
META,2,2,0,381.1,Otitis media,385,Other disorders of middle ear and mastoid,381-385.99,381-385.99
META,2,2,0,381.11,Suppurative and unspecified otitis media,384.4,Perforation of tympanic membrane,381-385.99,381-385.99
META,2,2,0,426,Cardiac conduction disorders,427.4,Cardiac arrest and ventricular fibrillation,426-427.99,426-427.99
META,2,2,0,426.92,Cardiac defibrillator in situ,427.4,Cardiac arrest and ventricular fibrillation,426-427.99,426-427.99
META,2,2,0,381.2,Eustachian tube disorders,384.4,Perforation of tympanic membrane,381-385.99,381-385.99
META,2,2,0,244.1,Secondary hypothyroidism,245,Thyroiditis,240-246.99,240-246.99
META,2,2,0,555.1,Regional enteritis,561.1,Diarrhea,555-564.99,555-564.99
META,2,0,2,426.2,Atrioventricular [AV] block,427.12,Paroxysmal ventricular tachycardia,426-427.99,426-427.99
META,2,2,0,502,Postinflammatory pulmonary fibrosis,509.8,Dependence on respirator [Ventilator] or supplemental oxygen,500-509.99,500-509.99
META,2,2,0,297,Suicidal ideation or attempt,300.4,Dysthymic disorder,295-306.99,295-306.99
META,2,2,0,504.1,Idiopathic fibrosing alveolitis,509.8,Dependence on respirator [Ventilator] or supplemental oxygen,500-509.99,500-509.99
META,2,2,0,580.12,Non-proliferative glomerulonephritis,586,Other disorders of the kidney and ureters,580-590.99,580-590.99
META,2,2,0,585.34,"Chronic Kidney Disease, Stage IV",586.2,"Cyst of kidney, acquired",580-590.99,580-590.99
META,2,2,0,242.2,Toxic multinodular goiter,246.7,Abnormal results of function study of thyroid,240-246.99,240-246.99
META,2,2,0,523.31,Acute periodontitis,525.1,Loss of teeth or edentulism,520-526.99,520-526.99
META,2,2,0,381,Otitis media and Eustachian tube disorders,384.4,Perforation of tympanic membrane,381-385.99,381-385.99
META,2,2,0,710.19,Unspecified osteomyelitis,713.5,Arthropathy associated with neurological disorders,710-716.99,710-716.99
META,2,2,0,381.2,Eustachian tube disorders,385,Other disorders of middle ear and mastoid,381-385.99,381-385.99
META,2,2,0,464,Acute sinusitis,465,Acute upper respiratory infections of multiple or unspecified sites,460-469.99,460-469.99
META,2,2,0,288.2,Elevated white blood cell count,289.5,Diseases of spleen,288-289.99,288-289.99
META,2,2,0,282,Hereditary hemolytic anemias,285.21,Anemia in chronic kidney disease,280-285.99,280-285.99
META,2,2,0,504,Other alveolar and parietoalveolar pneumonopathy,509.8,Dependence on respirator [Ventilator] or supplemental oxygen,500-509.99,500-509.99
META,2,2,0,200.1,Polycythemia vera,204.2,Myeloid leukemia,"200-204.99, 289-289.99",200-204.99
META,2,0,2,426.9,Cardiac pacemaker/device in situ,427.11,Paroxysmal supraventricular tachycardia,426-427.99,426-427.99
META,2,2,0,381.11,Suppurative and unspecified otitis media,385,Other disorders of middle ear and mastoid,381-385.99,381-385.99
META,2,2,0,381.1,Otitis media,384.4,Perforation of tympanic membrane,381-385.99,381-385.99
META,2,0,2,364.5,Corneal dystrophy,365.11,Primary open angle glaucoma,360-365.99,360-365.99
META,2,2,0,384,Other disorders of tympanic membrane,385,Other disorders of middle ear and mastoid,381-385.99,381-385.99
META,2,2,0,523.31,Acute periodontitis,525,Other diseases of the teeth and supporting structures,520-526.99,520-526.99
META,2,2,0,208,Benign neoplasm of colon,153.3,"Malignant neoplasm of rectum, rectosigmoid junction, and anus","153-153.99, 208-208.99","150-159.99, 208-208.99"
META,2,2,0,800.1,Fracture of neck of femur,803.1,Fracture of humerus,800-809.99,800-809.99
AFR,1,0,1,695.42,Systemic lupus erythematosus,696,Psoriasis and related disorders,"690-697.99, 335-335.99","690-697.99, 714-714.99"
AFR,1,1,0,290.12,Dementia with cerebral degenerations,292.4,Altered mental status,290-292.99,290-292.99
AFR,1,1,0,452.2,Deep vein thrombosis [DVT],454,Varicose veins,450-457.99,450-457.99
AFR,1,0,1,695.4,Lupus (localized and systemic),696,Psoriasis and related disorders,"690-697.99, 335-335.99","690-697.99, 714-714.99"
AFR,1,1,0,521,Diseases of hard tissues of teeth,525,Other diseases of the teeth and supporting structures,520-526.99,520-526.99
AFR,1,1,0,442.1,Aortic aneurysm,443,Peripheral vascular disease,440-449.99,440-449.99
AFR,1,1,0,452,Other venous embolism and thrombosis,454.1,Varicose veins of lower extremity,450-457.99,450-457.99
AFR,1,1,0,443.9,"Peripheral vascular disease, unspecified",444,Arterial embolism and thrombosis,440-449.99,440-449.99
AFR,1,1,0,290.3,Other persistent mental disorders due to conditions classified elsewhere,292.3,Memory loss,290-292.99,290-292.99
AFR,1,1,0,288.2,Elevated white blood cell count,289.8,"Polycythemia vera, secondary",288-289.99,"288-289.99, 200-200.99"
AFR,1,1,0,442,Other aneurysm,443.9,"Peripheral vascular disease, unspecified",440-449.99,440-449.99
AFR,1,1,0,580.31,Nephritis and nephropathy in diseases classified elsewhere,585.34,"Chronic Kidney Disease, Stage IV",580-590.99,580-590.99
AFR,1,1,0,580.31,Nephritis and nephropathy in diseases classified elsewhere,585.33,"Chronic Kidney Disease, Stage III",580-590.99,580-590.99
AFR,1,0,1,454.1,Varicose veins of lower extremity,455,Hemorrhoids,450-457.99,450-457.99
AFR,1,1,0,454.1,Varicose veins of lower extremity,456,Chronic venous insufficiency [CVI],450-457.99,450-457.99
AFR,1,1,0,296,Mood disorders,300,"Anxiety, phobic and dissociative disorders",295-306.99,295-306.99
AFR,1,1,0,585.2,Renal failure NOS,588.1,Renal osteodystrophy,580-590.99,580-590.99
AFR,1,1,0,362,Other retinal disorders,365.1,Open-angle glaucoma,"250.70-250.79,360-365.99",360-365.99
AFR,1,1,0,242.1,Graves' disease,244.1,Secondary hypothyroidism,240-246.99,240-246.99
AFR,1,0,1,426.21,First degree AV block,427.21,Atrial fibrillation,426-427.99,426-427.99
AFR,1,0,1,426.21,First degree AV block,427.1,"Paroxysmal tachycardia, unspecified",426-427.99,426-427.99
AFR,1,0,1,454,Varicose veins,455,Hemorrhoids,450-457.99,450-457.99
AFR,1,1,0,454,Varicose veins,456,Chronic venous insufficiency [CVI],450-457.99,450-457.99
AFR,1,1,0,451.2,Phlebitis and thrombophlebitis of lower extremities,454,Varicose veins,450-457.99,450-457.99
AFR,1,1,0,495,Asthma,496,Chronic airway obstruction,490-498.99,490-498.99
AFR,1,1,0,290.12,Dementia with cerebral degenerations,292,Neurological disorders,290-292.99,290-292.99
AFR,1,1,0,290.12,Dementia with cerebral degenerations,292.2,Mild cognitive impairment,290-292.99,290-292.99
AFR,1,1,0,280,Iron deficiency anemias,285.2,Anemia of chronic disease,280-285.99,280-285.99
AFR,1,1,0,280,Iron deficiency anemias,285.21,Anemia in chronic kidney disease,280-285.99,280-285.99
AFR,1,1,0,296.22,Major depressive disorder,300.9,Posttraumatic stress disorder,295-306.99,295-306.99
AFR,1,1,0,521,Diseases of hard tissues of teeth,523,Gingival and periodontal diseases,520-526.99,520-526.99
AFR,1,1,0,290.1,Dementias,292.2,Mild cognitive impairment,290-292.99,290-292.99
AFR,1,1,0,695.41,Cutaneous lupus erythematosus,335,Multiple sclerosis,"690-697.99, 335-335.99","330-337.99, 341-349.99"
AFR,1,1,0,250.7,Diabetic retinopathy,362.21,"Macular degeneration, dry","250.70-250.79,360-365.99","250.70-250.79,360-365.99"
AFR,1,1,0,442.11,Abdominal aortic aneurysm,443,Peripheral vascular disease,440-449.99,440-449.99
AFR,1,0,1,454.11,"Varicose veins of lower extremity, symptomtic",455,Hemorrhoids,450-457.99,450-457.99
AFR,1,1,0,454.11,"Varicose veins of lower extremity, symptomtic",456,Chronic venous insufficiency [CVI],450-457.99,450-457.99
AFR,1,1,0,290.11,Alzheimer's disease,292.2,Mild cognitive impairment,290-292.99,290-292.99
AFR,1,1,0,362.6,Peripheral retinal degenerations,365.1,Open-angle glaucoma,"250.70-250.79,360-365.99",360-365.99
AFR,1,1,0,145,Cancer of mouth,149,"Cancer of larynx, pharynx, nasal cavities","140-149.99, 210-210.99","140-149.99, 210-210.99"
AFR,1,1,0,690.1,Seborrheic dermatitis,709,Diffuse diseases of connective tissue,690-697.99,"690-697.99, 708-709.99"
AFR,1,1,0,585.3,Chronic renal failure [CKD],588.1,Renal osteodystrophy,580-590.99,580-590.99
AFR,1,1,0,288,Diseases of white blood cells,289,Other diseases of blood and blood-forming organs,288-289.99,288-289.99
AFR,1,1,0,585,Renal failure,588.1,Renal osteodystrophy,580-590.99,580-590.99
AFR,1,1,0,721,Spondylosis and allied disorders,722,Intervertebral disc disorders,720-724.99,720-724.99
AFR,1,1,0,521.1,Dental caries,523,Gingival and periodontal diseases,520-526.99,520-526.99
AFR,1,1,0,362,Other retinal disorders,365,Glaucoma,"250.70-250.79,360-365.99",360-365.99
AFR,1,1,0,282,Hereditary hemolytic anemias,285.2,Anemia of chronic disease,280-285.99,280-285.99
AFR,1,1,0,290.16,Vascular dementia,292.2,Mild cognitive impairment,290-292.99,290-292.99
AFR,1,1,0,451,Phlebitis and thrombophlebitis,454,Varicose veins,450-457.99,450-457.99
AFR,1,1,0,200.1,Polycythemia vera,289,Other diseases of blood and blood-forming organs,"200-204.99, 289-289.99",288-289.99
AFR,1,1,0,451.2,Phlebitis and thrombophlebitis of lower extremities,454.11,"Varicose veins of lower extremity, symptomtic",450-457.99,450-457.99
AFR,1,1,0,290.12,Dementia with cerebral degenerations,292.3,Memory loss,290-292.99,290-292.99
AFR,1,1,0,452.2,Deep vein thrombosis [DVT],454.1,Varicose veins of lower extremity,450-457.99,450-457.99
AFR,1,0,1,455,Hemorrhoids,456,Chronic venous insufficiency [CVI],450-457.99,450-457.99
AFR,1,1,0,249,Secondary diabetes mellitus,250.14,Type 1 diabetes with neurological manifestations,249-250.99,249-250.99
AFR,1,1,0,442.1,Aortic aneurysm,443.9,"Peripheral vascular disease, unspecified",440-449.99,440-449.99
AFR,1,1,0,452,Other venous embolism and thrombosis,454,Varicose veins,450-457.99,450-457.99
AFR,1,1,0,290.3,Other persistent mental disorders due to conditions classified elsewhere,292.4,Altered mental status,290-292.99,290-292.99
AFR,1,0,1,695.41,Cutaneous lupus erythematosus,696,Psoriasis and related disorders,"690-697.99, 335-335.99","690-697.99, 714-714.99"
AFR,1,1,0,296.2,Depression,300,"Anxiety, phobic and dissociative disorders",295-306.99,295-306.99
AFR,1,1,0,288.2,Elevated white blood cell count,289,Other diseases of blood and blood-forming organs,288-289.99,288-289.99
AFR,1,1,0,495.2,Asthma with exacerbation,496,Chronic airway obstruction,490-498.99,490-498.99
AFR,1,1,0,280.1,"Iron deficiency anemias, unspecified or not due to blood loss",285.2,Anemia of chronic disease,280-285.99,280-285.99
AFR,1,1,0,280.1,"Iron deficiency anemias, unspecified or not due to blood loss",285.21,Anemia in chronic kidney disease,280-285.99,280-285.99
AFR,1,1,0,296.22,Major depressive disorder,304,Adjustment reaction,295-306.99,295-306.99
AFR,1,1,0,442,Other aneurysm,443,Peripheral vascular disease,440-449.99,440-449.99
AFR,1,1,0,580.31,Nephritis and nephropathy in diseases classified elsewhere,585.32,End stage renal disease,580-590.99,580-590.99
AFR,1,1,0,290,Delirium dementia and amnestic and other cognitive disorders,292.2,Mild cognitive impairment,290-292.99,290-292.99
AFR,1,1,0,443,Peripheral vascular disease,444,Arterial embolism and thrombosis,440-449.99,440-449.99
AFR,1,1,0,451.2,Phlebitis and thrombophlebitis of lower extremities,454.1,Varicose veins of lower extremity,450-457.99,450-457.99
AFR,1,1,0,200.1,Polycythemia vera,204.2,Myeloid leukemia,"200-204.99, 289-289.99",200-204.99
AFR,1,0,1,451.2,Phlebitis and thrombophlebitis of lower extremities,455,Hemorrhoids,450-457.99,450-457.99
AFR,1,1,0,587,Kidney replaced by transpant,588.1,Renal osteodystrophy,580-590.99,580-590.99
AFR,1,1,0,523,Gingival and periodontal diseases,525.1,Loss of teeth or edentulism,520-526.99,520-526.99
AFR,1,1,0,290.3,Other persistent mental disorders due to conditions classified elsewhere,292,Neurological disorders,290-292.99,290-292.99
AFR,1,1,0,290.3,Other persistent mental disorders due to conditions classified elsewhere,292.2,Mild cognitive impairment,290-292.99,290-292.99
AFR,1,1,0,442.11,Abdominal aortic aneurysm,443.9,"Peripheral vascular disease, unspecified",440-449.99,440-449.99
AFR,1,1,0,580.31,Nephritis and nephropathy in diseases classified elsewhere,585.3,Chronic renal failure [CKD],580-590.99,580-590.99
AFR,1,1,0,580.31,Nephritis and nephropathy in diseases classified elsewhere,585.31,Renal dialysis,580-590.99,580-590.99
AFR,1,1,0,580.31,Nephritis and nephropathy in diseases classified elsewhere,585,Renal failure,580-590.99,580-590.99
AFR,1,1,0,288,Diseases of white blood cells,289.8,"Polycythemia vera, secondary",288-289.99,"288-289.99, 200-200.99"
AFR,1,1,0,502,Postinflammatory pulmonary fibrosis,504,Other alveolar and parietoalveolar pneumonopathy,500-509.99,500-509.99
AFR,1,1,0,502,Postinflammatory pulmonary fibrosis,504.1,Idiopathic fibrosing alveolitis,500-509.99,500-509.99
AFR,1,1,0,200,Myeloproliferative disease,289.8,"Polycythemia vera, secondary",200-204.99,"288-289.99, 200-200.99"
AFR,1,1,0,362.9,Retinal edema,365.1,Open-angle glaucoma,"250.70-250.79,360-365.99",360-365.99
AFR,1,1,0,451,Phlebitis and thrombophlebitis,454.1,Varicose veins of lower extremity,450-457.99,450-457.99
AFR,1,0,1,426.21,First degree AV block,427.2,Atrial fibrillation and flutter,426-427.99,426-427.99
AFR,1,0,1,426.21,First degree AV block,427,Cardiac dysrhythmias,426-427.99,426-427.99
AFR,1,1,0,200.1,Polycythemia vera,289.8,"Polycythemia vera, secondary","200-204.99, 289-289.99","288-289.99, 200-200.99"
AFR,1,1,0,250.7,Diabetic retinopathy,362,Other retinal disorders,"250.70-250.79,360-365.99","250.70-250.79,360-365.99"
EUR,1,1,0,284,Aplastic anemia,285,Other anemias,280-285.99,280-285.99
EUR,1,1,0,371.1,"Uveitis, noninfectious or NOS",372,Disorders of conjunctiva,369-374.99,369-374.99
EUR,1,1,0,720,Spinal stenosis,722.9,Other and unspecified disc disorder,720-724.99,720-724.99
EUR,1,1,0,585.33,"Chronic Kidney Disease, Stage III",586,Other disorders of the kidney and ureters,580-590.99,580-590.99
EUR,1,0,1,371,Inflammation of the eye,372,Disorders of conjunctiva,369-374.99,369-374.99
EUR,1,0,1,690,Erythematosquamous dermatosis,695.8,Other specified erythematous conditions,690-697.99,690-697.99
EUR,1,1,0,300.4,Dysthymic disorder,301,Personality disorders,295-306.99,295-306.99
EUR,1,1,0,361.2,Retinoschisis and retinal cysts,362.23,Cystoid macular degeneration of retina,360-365.99,"250.70-250.79,360-365.99"
EUR,1,1,0,250.7,Diabetic retinopathy,364.2,Corneal edema,"250.70-250.79,360-365.99",360-365.99
EUR,1,0,1,600,Hyperplasia of prostate,187,Cancer of other male genital organs,"185-187.99, 796-796.99, 600-602.99","185-187.99, 222-222.99"
EUR,1,1,0,331,Other cerebral degenerations,348,Other conditions of brain,"330-337.99, 341-349.99","330-337.99, 341-349.99"
EUR,1,1,0,296.1,Bipolar,301,Personality disorders,295-306.99,295-306.99
EUR,1,1,0,288.2,Elevated white blood cell count,289.8,"Polycythemia vera, secondary",288-289.99,"288-289.99, 200-200.99"
EUR,1,1,0,284.1,Pancytopenia,285.22,Anemia in neoplastic disease,280-285.99,280-285.99
EUR,1,1,0,361.2,Retinoschisis and retinal cysts,362.26,Macular puckering of retina,360-365.99,"250.70-250.79,360-365.99"
EUR,1,0,1,280,Iron deficiency anemias,281.12,Other vitamin B12 deficiency anemia,280-285.99,280-285.99
EUR,1,1,0,395.1,Nonrheumatic mitral valve disorders,396,Abnormal heart sounds,394-399.99,394-399.99
EUR,1,0,1,796,Elevated prostate specific antigen [PSA],187,Cancer of other male genital organs,"185-187.99, 796-796.99, 600-602.99","185-187.99, 222-222.99"
EUR,1,1,0,585.1,Acute renal failure,586,Other disorders of the kidney and ureters,580-590.99,580-590.99
EUR,1,1,0,241.1,Nontoxic uninodular goiter,242.1,Graves' disease,240-246.99,240-246.99
EUR,1,1,0,504,Other alveolar and parietoalveolar pneumonopathy,509.1,Respiratory failure,500-509.99,500-509.99
EUR,1,0,1,280,Iron deficiency anemias,281,Other deficiency anemia,280-285.99,280-285.99
EUR,1,1,0,361.1,Retinal detachment with retinal defect,364,Corneal opacity and other disorders of cornea,360-365.99,360-365.99
EUR,1,1,0,288.2,Elevated white blood cell count,289.9,Abnormality of red blood cells,288-289.99,288-289.99
EUR,1,1,0,521,Diseases of hard tissues of teeth,522,Diseases of pulp and periapical tissues,520-526.99,520-526.99
EUR,1,1,0,560,Intestinal obstruction without mention of hernia,562.2,Diverticulitis,555-564.99,555-564.99
EUR,1,1,0,721,Spondylosis and allied disorders,724,Other and unspecified disorders of back,720-724.99,720-724.99
EUR,1,1,0,721.1,Spondylosis without myelopathy,722.9,Other and unspecified disc disorder,720-724.99,720-724.99
EUR,1,1,0,585.4,"Chronic kidney disease, Stage I or II",588,Disorders resulting from impaired renal function,580-590.99,580-590.99
EUR,1,1,0,721,Spondylosis and allied disorders,722.9,Other and unspecified disc disorder,720-724.99,720-724.99
EUR,1,1,0,580.3,Nephritis and nephropathy without mention of glomerulonephritis,585.31,Renal dialysis,580-590.99,580-590.99
EUR,1,1,0,530.3,Stricture and stenosis of esophagus,532,Dysphagia,"530-530.99, 532-532.99","530-530.99, 532-532.99"
EUR,1,1,0,288,Diseases of white blood cells,289.8,"Polycythemia vera, secondary",288-289.99,"288-289.99, 200-200.99"
EUR,1,1,0,331,Other cerebral degenerations,348.8,"Encephalopathy, not elsewhere classified","330-337.99, 341-349.99","330-337.99, 341-349.99"
EUR,1,1,0,502,Postinflammatory pulmonary fibrosis,509,"Respiratory failure, insufficiency, arrest",500-509.99,500-509.99
EUR,1,1,0,504.1,Idiopathic fibrosing alveolitis,509.1,Respiratory failure,500-509.99,500-509.99
EUR,1,1,0,242.2,Toxic multinodular goiter,244.1,Secondary hypothyroidism,240-246.99,240-246.99
EUR,1,1,0,241,Nontoxic nodular goiter,246.7,Abnormal results of function study of thyroid,240-246.99,240-246.99
EUR,1,1,0,200,Myeloproliferative disease,289.8,"Polycythemia vera, secondary",200-204.99,"288-289.99, 200-200.99"
EUR,1,0,1,361.1,Retinal detachment with retinal defect,362.2,Degeneration of macula and posterior pole of retina,360-365.99,"250.70-250.79,360-365.99"
EUR,1,1,0,585.4,"Chronic kidney disease, Stage I or II",588.2,Secondary hyperparathyroidism (of renal origin),580-590.99,580-590.99
EUR,1,1,0,288.2,Elevated white blood cell count,289,Other diseases of blood and blood-forming organs,288-289.99,288-289.99
EUR,1,1,0,295,Schizophrenia and other psychotic disorders,300.9,Posttraumatic stress disorder,295-306.99,295-306.99
EUR,1,1,0,504,Other alveolar and parietoalveolar pneumonopathy,509,"Respiratory failure, insufficiency, arrest",500-509.99,500-509.99
EUR,1,1,0,720.1,Spinal stenosis of lumbar region,722.9,Other and unspecified disc disorder,720-724.99,720-724.99
EUR,1,1,0,200.1,Polycythemia vera,289.5,Diseases of spleen,"200-204.99, 289-289.99",288-289.99
EUR,1,1,0,521.1,Dental caries,522,Diseases of pulp and periapical tissues,520-526.99,520-526.99
EUR,1,0,1,939,Atopic/contact dermatitis due to other or unspecified,947,Urticaria,930-949.99,930-949.99
EUR,1,0,1,695.8,Other specified erythematous conditions,696.4,Psoriasis,690-697.99,"690-697.99, 714-714.99"
EUR,1,1,0,580.31,Nephritis and nephropathy in diseases classified elsewhere,585.31,Renal dialysis,580-590.99,580-590.99
EUR,1,1,0,394,Rheumatic disease of the heart valves,395.1,Nonrheumatic mitral valve disorders,394-399.99,394-399.99
EUR,1,0,1,371.2,"Conjunctivitis, noninfectious",372,Disorders of conjunctiva,369-374.99,369-374.99
EUR,1,1,0,185,Cancer of prostate,187,Cancer of other male genital organs,"185-187.99, 796-796.99, 600-602.99","185-187.99, 222-222.99"
EUR,1,0,1,555.21,Ulcerative colitis (chronic),561,Symptoms involving digestive system,555-564.99,555-564.99
EUR,1,0,1,280,Iron deficiency anemias,281.1,Megaloblastic anemia,280-285.99,280-285.99
EUR,1,0,1,695.8,Other specified erythematous conditions,696.42,Psoriatic arthropathy,690-697.99,"690-697.99, 714-714.99"
EUR,1,1,0,288,Diseases of white blood cells,289,Other diseases of blood and blood-forming organs,288-289.99,288-289.99
EUR,1,1,0,296.1,Bipolar,297.1,Suicidal ideation,295-306.99,295-306.99
EUR,1,1,0,253.4,Anterior pituitary disorders,257.1,Testicular hypofunction,251-259.99,251-259.99
EUR,1,0,1,695.8,Other specified erythematous conditions,696.41,Psoriasis vulgaris,690-697.99,"690-697.99, 714-714.99"
EUR,1,1,0,384.4,Perforation of tympanic membrane,385,Other disorders of middle ear and mastoid,381-385.99,381-385.99
EUR,1,1,0,284.1,Pancytopenia,285,Other anemias,280-285.99,280-285.99
EUR,1,1,0,585.34,"Chronic Kidney Disease, Stage IV",586,Other disorders of the kidney and ureters,580-590.99,580-590.99
EUR,1,0,1,690.1,Seborrheic dermatitis,695.8,Other specified erythematous conditions,690-697.99,690-697.99
EUR,1,1,0,580,Nephritis; nephrosis; renal sclerosis,585.31,Renal dialysis,580-590.99,580-590.99
EUR,1,1,0,200.1,Polycythemia vera,289.9,Abnormality of red blood cells,"200-204.99, 289-289.99",288-289.99
EUR,1,0,1,371.21,Allergic conjunctivitis,372,Disorders of conjunctiva,369-374.99,369-374.99
EUR,1,1,0,253.4,Anterior pituitary disorders,257,Testicular dysfunction,251-259.99,251-259.99
EUR,1,0,1,371.3,Inflammation of eyelids,372,Disorders of conjunctiva,369-374.99,369-374.99
EUR,1,1,0,284,Aplastic anemia,285.22,Anemia in neoplastic disease,280-285.99,280-285.99
EUR,1,0,1,695.8,Other specified erythematous conditions,696,Psoriasis and related disorders,690-697.99,"690-697.99, 714-714.99"
EUR,1,1,0,502,Postinflammatory pulmonary fibrosis,509.1,Respiratory failure,500-509.99,500-509.99
EUR,1,1,0,288,Diseases of white blood cells,289.9,Abnormality of red blood cells,288-289.99,288-289.99
EUR,1,1,0,504.1,Idiopathic fibrosing alveolitis,509,"Respiratory failure, insufficiency, arrest",500-509.99,500-509.99
META,1,1,0,585.2,Renal failure NOS,588.1,Renal osteodystrophy,580-590.99,580-590.99
META,1,1,0,284,Aplastic anemia,285,Other anemias,280-285.99,280-285.99
META,1,1,0,695.8,Other specified erythematous conditions,709,Diffuse diseases of connective tissue,690-697.99,"690-697.99, 708-709.99"
META,1,1,0,720,Spinal stenosis,722.9,Other and unspecified disc disorder,720-724.99,720-724.99
META,1,1,0,504.1,Idiopathic fibrosing alveolitis,509.1,Respiratory failure,500-509.99,500-509.99
META,1,1,0,502,Postinflammatory pulmonary fibrosis,509,"Respiratory failure, insufficiency, arrest",500-509.99,500-509.99
META,1,1,0,331,Other cerebral degenerations,348.8,"Encephalopathy, not elsewhere classified","330-337.99, 341-349.99","330-337.99, 341-349.99"
META,1,1,0,585.34,"Chronic Kidney Disease, Stage IV",588.1,Renal osteodystrophy,580-590.99,580-590.99
META,1,1,0,300.4,Dysthymic disorder,301,Personality disorders,295-306.99,295-306.99
META,1,0,1,690,Erythematosquamous dermatosis,695.8,Other specified erythematous conditions,690-697.99,690-697.99
META,1,1,0,361.2,Retinoschisis and retinal cysts,362.23,Cystoid macular degeneration of retina,360-365.99,"250.70-250.79,360-365.99"
META,1,1,0,585.32,End stage renal disease,588.1,Renal osteodystrophy,580-590.99,580-590.99
META,1,1,0,288.2,Elevated white blood cell count,289.8,"Polycythemia vera, secondary",288-289.99,"288-289.99, 200-200.99"
META,1,1,0,331,Other cerebral degenerations,348,Other conditions of brain,"330-337.99, 341-349.99","330-337.99, 341-349.99"
META,1,1,0,284.1,Pancytopenia,285.22,Anemia in neoplastic disease,280-285.99,280-285.99
META,1,0,1,600,Hyperplasia of prostate,187,Cancer of other male genital organs,"185-187.99, 796-796.99, 600-602.99","185-187.99, 222-222.99"
META,1,1,0,721,Spondylosis and allied disorders,722.9,Other and unspecified disc disorder,720-724.99,720-724.99
META,1,1,0,530.3,Stricture and stenosis of esophagus,532,Dysphagia,"530-530.99, 532-532.99","530-530.99, 532-532.99"
META,1,0,1,280,Iron deficiency anemias,281.12,Other vitamin B12 deficiency anemia,280-285.99,280-285.99
META,1,1,0,361.2,Retinoschisis and retinal cysts,362.26,Macular puckering of retina,360-365.99,"250.70-250.79,360-365.99"
META,1,1,0,585.31,Renal dialysis,588.1,Renal osteodystrophy,580-590.99,580-590.99
META,1,1,0,395.1,Nonrheumatic mitral valve disorders,396,Abnormal heart sounds,394-399.99,394-399.99
META,1,0,1,280,Iron deficiency anemias,281,Other deficiency anemia,280-285.99,280-285.99
META,1,1,0,504,Other alveolar and parietoalveolar pneumonopathy,509.1,Respiratory failure,500-509.99,500-509.99
META,1,1,0,241.1,Nontoxic uninodular goiter,242.1,Graves' disease,240-246.99,240-246.99
META,1,1,0,361.1,Retinal detachment with retinal defect,364,Corneal opacity and other disorders of cornea,360-365.99,360-365.99
META,1,1,0,288.2,Elevated white blood cell count,289.9,Abnormality of red blood cells,288-289.99,288-289.99
META,1,1,0,560,Intestinal obstruction without mention of hernia,562.2,Diverticulitis,555-564.99,555-564.99
META,1,1,0,721,Spondylosis and allied disorders,724,Other and unspecified disorders of back,720-724.99,720-724.99
META,1,1,0,296,Mood disorders,297.1,Suicidal ideation,295-306.99,295-306.99
META,1,1,0,288.2,Elevated white blood cell count,289,Other diseases of blood and blood-forming organs,288-289.99,288-289.99
META,1,1,0,585.4,"Chronic kidney disease, Stage I or II",588.2,Secondary hyperparathyroidism (of renal origin),580-590.99,580-590.99
META,1,1,0,288,Diseases of white blood cells,289.8,"Polycythemia vera, secondary",288-289.99,"288-289.99, 200-200.99"
META,1,1,0,394,Rheumatic disease of the heart valves,395.1,Nonrheumatic mitral valve disorders,394-399.99,394-399.99
META,1,0,1,939,Atopic/contact dermatitis due to other or unspecified,947,Urticaria,930-949.99,930-949.99
META,1,0,1,695.8,Other specified erythematous conditions,696.4,Psoriasis,690-697.99,"690-697.99, 714-714.99"
META,1,1,0,580.31,Nephritis and nephropathy in diseases classified elsewhere,585.31,Renal dialysis,580-590.99,580-590.99
META,1,0,1,361.1,Retinal detachment with retinal defect,362.2,Degeneration of macula and posterior pole of retina,360-365.99,"250.70-250.79,360-365.99"
META,1,1,0,200,Myeloproliferative disease,289.8,"Polycythemia vera, secondary",200-204.99,"288-289.99, 200-200.99"
META,1,1,0,504,Other alveolar and parietoalveolar pneumonopathy,509,"Respiratory failure, insufficiency, arrest",500-509.99,500-509.99
META,1,1,0,295,Schizophrenia and other psychotic disorders,300.9,Posttraumatic stress disorder,295-306.99,295-306.99
META,1,1,0,720.1,Spinal stenosis of lumbar region,722.9,Other and unspecified disc disorder,720-724.99,720-724.99
META,1,1,0,580.31,Nephritis and nephropathy in diseases classified elsewhere,585.2,Renal failure NOS,580-590.99,580-590.99
META,1,1,0,296.1,Bipolar,297.1,Suicidal ideation,295-306.99,295-306.99
META,1,0,1,280,Iron deficiency anemias,281.1,Megaloblastic anemia,280-285.99,280-285.99
META,1,0,1,555.21,Ulcerative colitis (chronic),561,Symptoms involving digestive system,555-564.99,555-564.99
META,1,1,0,587,Kidney replaced by transpant,588.1,Renal osteodystrophy,580-590.99,580-590.99
META,1,1,0,185,Cancer of prostate,187,Cancer of other male genital organs,"185-187.99, 796-796.99, 600-602.99","185-187.99, 222-222.99"
META,1,0,1,695.8,Other specified erythematous conditions,696.42,Psoriatic arthropathy,690-697.99,"690-697.99, 714-714.99"
META,1,1,0,288,Diseases of white blood cells,289,Other diseases of blood and blood-forming organs,288-289.99,288-289.99
META,1,1,0,364,Corneal opacity and other disorders of cornea,365.1,Open-angle glaucoma,360-365.99,360-365.99
META,1,0,1,690.1,Seborrheic dermatitis,695.8,Other specified erythematous conditions,690-697.99,690-697.99
META,1,1,0,585.4,"Chronic kidney disease, Stage I or II",588,Disorders resulting from impaired renal function,580-590.99,580-590.99
META,1,1,0,721.1,Spondylosis without myelopathy,722.9,Other and unspecified disc disorder,720-724.99,720-724.99
META,1,1,0,253.4,Anterior pituitary disorders,257.1,Testicular hypofunction,251-259.99,251-259.99
META,1,1,0,284.1,Pancytopenia,285,Other anemias,280-285.99,280-285.99
META,1,0,1,695.8,Other specified erythematous conditions,696.41,Psoriasis vulgaris,690-697.99,"690-697.99, 714-714.99"
META,1,1,0,585.3,Chronic renal failure [CKD],588.1,Renal osteodystrophy,580-590.99,580-590.99
META,1,1,0,384.4,Perforation of tympanic membrane,385,Other disorders of middle ear and mastoid,381-385.99,381-385.99
META,1,1,0,200.1,Polycythemia vera,289.5,Diseases of spleen,"200-204.99, 289-289.99",288-289.99
META,1,1,0,200.1,Polycythemia vera,289.9,Abnormality of red blood cells,"200-204.99, 289-289.99",288-289.99
META,1,1,0,504.1,Idiopathic fibrosing alveolitis,509,"Respiratory failure, insufficiency, arrest",500-509.99,500-509.99
META,1,1,0,502,Postinflammatory pulmonary fibrosis,509.1,Respiratory failure,500-509.99,500-509.99
META,1,1,0,284,Aplastic anemia,285.22,Anemia in neoplastic disease,280-285.99,280-285.99
META,1,0,1,695.8,Other specified erythematous conditions,696,Psoriasis and related disorders,690-697.99,"690-697.99, 714-714.99"
META,1,1,0,288,Diseases of white blood cells,289.9,Abnormality of red blood cells,288-289.99,288-289.99
META,1,1,0,282,Hereditary hemolytic anemias,285.2,Anemia of chronic disease,280-285.99,280-285.99
META,1,1,0,585,Renal failure,588.1,Renal osteodystrophy,580-590.99,580-590.99
META,1,1,0,253.4,Anterior pituitary disorders,257,Testicular dysfunction,251-259.99,251-259.99
